model,n_leads,lead_indices,lead_names,n_samples,binary_auroc,sens_at_95sp,f1_at_05,macro_f1,macro_sensitivity,measurable,auroc_nsr,f1_nsr,sensitivity_nsr,sens95_nsr,auroc_af,f1_af,sensitivity_af,sens95_af,auroc_ischemia,f1_ischemia,sensitivity_ischemia,sens95_ischemia,auroc_conduction,f1_conduction,sensitivity_conduction,sens95_conduction,auroc_ectopy,f1_ectopy,sensitivity_ectopy,sens95_ectopy,runtime_sec,seed,checkpoint_sha256,data_fingerprint,run_fingerprint,prediction_sha256,prediction_path,stage1_run_id,origin,measurement_contacts,contact_names,contacts_with_extra_drl,worst_disease_sens95,mean_disease_sens95,complete_available_leads
P1_a07,1,0,I,936,0.9027244415017533,0.6405797101449275,0.775,0.6683789679991132,0.6790553127646892,binary;multiclass,0.92123496850544,0.5947712418300654,0.7,0.5461538461538461,0.9659024103468548,0.8702702702702703,0.8944444444444445,0.9055555555555556,0.8845419172267421,0.6483180428134556,0.6424242424242425,0.5515151515151515,0.9477411500547126,0.8543417366946778,0.8047493403693932,0.7994722955145118,0.8650111384017822,0.3741935483870968,0.35365853658536583,0.3048780487804878,6.976011799999469,42,287148bfd01ac67b5192268c6c69cc4cc230c004bdfdf332285f38a3b43b08dd,c175815089a491399700d9c586c067665dd8b48251196512f77a0b7e2732d91c,34060e20ca6ca6de13d114a5b1b14cf4e1fd9ffccc3f7ec4453bb00d8b5646f1,82f5b2efffd35d6c62f971212f5f9b22ea96cc6bea0e3b6e4af8486f94a287e6,outputs/exhaustive_lead_subsets/34060e20ca6ca6de13d114a5b1b14cf4e1fd9ffccc3f7ec4453bb00d8b5646f1/P1_a07_0.npz,9dd890a3b933b877aaad4b8cfef1d5c589c46d48e39edb8f936cc75617d345c7,prior_exhaustive,2,LA;RA,3,0.3048780487804878,0.6403552628414266,1
P1_a07,6,0;1;2;3;4;5,I;II;III;aVR;aVL;aVF,936,0.9142597905784839,0.6985507246376812,0.7883817427385892,0.6853253460254186,0.6932487988090021,binary;multiclass,0.928908188585608,0.6488294314381271,0.7461538461538462,0.5769230769230769,0.9668283362727806,0.8839779005524862,0.8888888888888888,0.9,0.8998231340643792,0.6765578635014837,0.6909090909090909,0.6363636363636364,0.9526960772703372,0.853625170998632,0.8232189973614775,0.8100263852242744,0.8702090592334495,0.36363636363636365,0.3170731707317073,0.3902439024390244,6.656537099999696,42,287148bfd01ac67b5192268c6c69cc4cc230c004bdfdf332285f38a3b43b08dd,c175815089a491399700d9c586c067665dd8b48251196512f77a0b7e2732d91c,34060e20ca6ca6de13d114a5b1b14cf4e1fd9ffccc3f7ec4453bb00d8b5646f1,9b0df6bae7fcc1400dfbc7a5f21608ee53c8cf95f1d738e09de89aa9fedaa0f1,outputs/electrode_coverage_v1/9dd890a3b933b877aaad4b8cfef1d5c589c46d48e39edb8f936cc75617d345c7/predictions/0-1-2-3-4-5.npz,9dd890a3b933b877aaad4b8cfef1d5c589c46d48e39edb8f936cc75617d345c7,new_inference,3,LA;LL;RA,4,0.3902439024390244,0.6841584810067337,1
P1_a07,7,0;1;2;3;4;5;6,I;II;III;aVR;aVL;aVF;V1,936,0.9145050148360676,0.6753623188405797,0.783448275862069,0.685504613948164,0.6936641369513497,binary;multiclass,0.9318476808551249,0.6445182724252492,0.7461538461538462,0.5846153846153846,0.9684229864785421,0.8839779005524862,0.8888888888888888,0.9,0.9042644342255236,0.654434250764526,0.6484848484848484,0.6121212121212121,0.9588210494403206,0.863013698630137,0.8311345646437994,0.8126649076517151,0.866310618609699,0.3815789473684211,0.35365853658536583,0.3780487804878049,6.638795099999697,42,287148bfd01ac67b5192268c6c69cc4cc230c004bdfdf332285f38a3b43b08dd,c175815089a491399700d9c586c067665dd8b48251196512f77a0b7e2732d91c,34060e20ca6ca6de13d114a5b1b14cf4e1fd9ffccc3f7ec4453bb00d8b5646f1,d8b24518c13c5dbd68bad6106137a083fa688e82372160d8e258c48c91f52937,outputs/electrode_coverage_v1/9dd890a3b933b877aaad4b8cfef1d5c589c46d48e39edb8f936cc75617d345c7/predictions/0-1-2-3-4-5-6.npz,9dd890a3b933b877aaad4b8cfef1d5c589c46d48e39edb8f936cc75617d345c7,new_inference,4,LA;LL;RA;V1,5,0.3780487804878049,0.675708725065183,1
P1_a07,8,0;1;2;3;4;5;6;7,I;II;III;aVR;aVL;aVF;V1;V2,936,0.9149415140145664,0.6753623188405797,0.7943661971830986,0.6948615365425096,0.7027471740278226,binary;multiclass,0.9322485207100593,0.6445182724252492,0.7461538461538462,0.5692307692307692,0.968775720164609,0.8994413407821229,0.8944444444444445,0.9,0.903832095271784,0.676737160120846,0.6787878787878788,0.6,0.9576225823413216,0.8614540466392319,0.8284960422163589,0.8073878627968337,0.8652681784429086,0.39215686274509803,0.36585365853658536,0.35365853658536583,6.3867083999994065,42,287148bfd01ac67b5192268c6c69cc4cc230c004bdfdf332285f38a3b43b08dd,c175815089a491399700d9c586c067665dd8b48251196512f77a0b7e2732d91c,34060e20ca6ca6de13d114a5b1b14cf4e1fd9ffccc3f7ec4453bb00d8b5646f1,28f9c41f36fd9283d149a2ecaabe28413bb7c965ad76072788b5c69cda53b782,outputs/electrode_coverage_v1/9dd890a3b933b877aaad4b8cfef1d5c589c46d48e39edb8f936cc75617d345c7/predictions/0-1-2-3-4-5-6-7.npz,9dd890a3b933b877aaad4b8cfef1d5c589c46d48e39edb8f936cc75617d345c7,new_inference,5,LA;LL;RA;V1;V2,6,0.35365853658536583,0.6652615998455499,1
P1_a07,9,0;1;2;3;4;5;6;7;8,I;II;III;aVR;aVL;aVF;V1;V2;V3,936,0.9143971161627308,0.6521739130434783,0.788135593220339,0.6819878957054453,0.6880770493351741,binary;multiclass,0.9297862187440352,0.6163934426229508,0.7230769230769231,0.5615384615384615,0.9673574368018811,0.8994413407821229,0.8944444444444445,0.9,0.9063946861612232,0.6687306501547987,0.6545454545454545,0.593939393939394,0.9558935685423703,0.8629579375848032,0.8390501319261213,0.8100263852242744,0.8658250985320157,0.3624161073825503,0.32926829268292684,0.32926829268292684,6.4042879000007815,42,287148bfd01ac67b5192268c6c69cc4cc230c004bdfdf332285f38a3b43b08dd,c175815089a491399700d9c586c067665dd8b48251196512f77a0b7e2732d91c,34060e20ca6ca6de13d114a5b1b14cf4e1fd9ffccc3f7ec4453bb00d8b5646f1,2353e2fc0a89c5141ca43f66902afb00577f038ccf6a2a66a7e2330854042c21,outputs/electrode_coverage_v1/9dd890a3b933b877aaad4b8cfef1d5c589c46d48e39edb8f936cc75617d345c7/predictions/0-1-2-3-4-5-6-7-8.npz,9dd890a3b933b877aaad4b8cfef1d5c589c46d48e39edb8f936cc75617d345c7,new_inference,6,LA;LL;RA;V1;V2;V3,7,0.32926829268292684,0.6583085179616488,1
P1_a07,10,0;1;2;3;4;5;6;7;8;9,I;II;III;aVR;aVL;aVF;V1;V2;V3;V4,936,0.9153093504009417,0.6811594202898551,0.7876230661040787,0.6882659619832436,0.6940105070866381,binary;multiclass,0.9302061462111089,0.6287625418060201,0.7230769230769231,0.5307692307692308,0.966659318048207,0.8994413407821229,0.8944444444444445,0.9111111111111111,0.9088786699681641,0.6728971962616822,0.6545454545454545,0.5878787878787879,0.9577220598475626,0.8660351826792964,0.8443271767810027,0.820580474934037,0.8633689381390302,0.3741935483870968,0.35365853658536583,0.32926829268292684,6.3755246000000625,42,287148bfd01ac67b5192268c6c69cc4cc230c004bdfdf332285f38a3b43b08dd,c175815089a491399700d9c586c067665dd8b48251196512f77a0b7e2732d91c,34060e20ca6ca6de13d114a5b1b14cf4e1fd9ffccc3f7ec4453bb00d8b5646f1,8396512165c3c1d09f581f10ca692620ca68c8f39b510384dda2979edcf761ee,outputs/electrode_coverage_v1/9dd890a3b933b877aaad4b8cfef1d5c589c46d48e39edb8f936cc75617d345c7/predictions/0-1-2-3-4-5-6-7-8-9.npz,9dd890a3b933b877aaad4b8cfef1d5c589c46d48e39edb8f936cc75617d345c7,new_inference,7,LA;LL;RA;V1;V2;V3;V4,8,0.32926829268292684,0.6622096666517157,1
P1_a07,11,0;1;2;3;4;5;6;7;8;9;10,I;II;III;aVR;aVL;aVF;V1;V2;V3;V4;V5,936,0.9159322200152038,0.7014492753623188,0.7876230661040787,0.6961302868257712,0.7027502497288197,binary;multiclass,0.9296144302347776,0.6354515050167224,0.7307692307692307,0.5692307692307692,0.9669973544973546,0.9050279329608939,0.9,0.9111111111111111,0.9097826514168926,0.6770186335403726,0.6606060606060606,0.593939393939394,0.9581294439207401,0.8707482993197279,0.8443271767810027,0.820580474934037,0.8616696178671389,0.3924050632911392,0.3780487804878049,0.35365853658536583,6.384353000001283,42,287148bfd01ac67b5192268c6c69cc4cc230c004bdfdf332285f38a3b43b08dd,c175815089a491399700d9c586c067665dd8b48251196512f77a0b7e2732d91c,34060e20ca6ca6de13d114a5b1b14cf4e1fd9ffccc3f7ec4453bb00d8b5646f1,cde804fc5eace3adbcfbbf1029aa6894c479fb1a58fe7baca2f22efd699f9152,outputs/electrode_coverage_v1/9dd890a3b933b877aaad4b8cfef1d5c589c46d48e39edb8f936cc75617d345c7/predictions/0-1-2-3-4-5-6-7-8-9-10.npz,9dd890a3b933b877aaad4b8cfef1d5c589c46d48e39edb8f936cc75617d345c7,new_inference,8,LA;LL;RA;V1;V2;V3;V4;V5,9,0.35365853658536583,0.669822379142477,1
P1_a07,12,0;1;2;3;4;5;6;7;8;9;10;11,I;II;III;aVR;aVL;aVF;V1;V2;V3;V4;V5;V6,936,0.9147453346084996,0.7043478260869566,0.7871148459383753,0.6942429303251032,0.701126216098222,binary;multiclass,0.9313418591334224,0.6354515050167224,0.7307692307692307,0.5538461538461539,0.9669753086419753,0.8994413407821229,0.8944444444444445,0.9111111111111111,0.9087450379279173,0.6645962732919255,0.6484848484848484,0.5878787878787879,0.9573715200636657,0.8692098092643051,0.841688654353562,0.8258575197889182,0.8629405380704861,0.4025157232704403,0.3902439024390244,0.34146341463414637,7.006167999999889,42,287148bfd01ac67b5192268c6c69cc4cc230c004bdfdf332285f38a3b43b08dd,c175815089a491399700d9c586c067665dd8b48251196512f77a0b7e2732d91c,34060e20ca6ca6de13d114a5b1b14cf4e1fd9ffccc3f7ec4453bb00d8b5646f1,b45e21c9f0fe6072767bfd9f55a4d70c48703c024a26b76ac88d0e7002c41751,outputs/exhaustive_lead_subsets/34060e20ca6ca6de13d114a5b1b14cf4e1fd9ffccc3f7ec4453bb00d8b5646f1/P1_a07_0-1-2-3-4-5-6-7-8-9-10-11.npz,9dd890a3b933b877aaad4b8cfef1d5c589c46d48e39edb8f936cc75617d345c7,prior_control,9,LA;LL;RA;V1;V2;V3;V4;V5;V6,10,0.34146341463414637,0.6665777083532408,1
P1_a07,11,0;1;2;3;4;5;6;7;8;9;11,I;II;III;aVR;aVL;aVF;V1;V2;V3;V4;V6,936,0.9151033620245714,0.6956521739130435,0.7843137254901961,0.6924432371547723,0.698888555867126,binary;multiclass,0.9314372971941209,0.6287625418060201,0.7230769230769231,0.5461538461538461,0.9673500881834215,0.9019607843137255,0.8944444444444445,0.9111111111111111,0.9083991667649256,0.6708074534161491,0.6545454545454545,0.5878787878787879,0.9574804716181201,0.8707482993197279,0.8443271767810027,0.8179419525065963,0.8620837379333981,0.389937106918239,0.3780487804878049,0.32926829268292684,6.3870978000013565,42,287148bfd01ac67b5192268c6c69cc4cc230c004bdfdf332285f38a3b43b08dd,c175815089a491399700d9c586c067665dd8b48251196512f77a0b7e2732d91c,34060e20ca6ca6de13d114a5b1b14cf4e1fd9ffccc3f7ec4453bb00d8b5646f1,050fa0e9ee50baa3d22e1018cc23d8752520ae8b749fc411d9157a9f39440d26,outputs/electrode_coverage_v1/9dd890a3b933b877aaad4b8cfef1d5c589c46d48e39edb8f936cc75617d345c7/predictions/0-1-2-3-4-5-6-7-8-9-11.npz,9dd890a3b933b877aaad4b8cfef1d5c589c46d48e39edb8f936cc75617d345c7,new_inference,8,LA;LL;RA;V1;V2;V3;V4;V6,9,0.32926829268292684,0.6615500360448554,1
P1_a07,10,0;1;2;3;4;5;6;7;8;10,I;II;III;aVR;aVL;aVF;V1;V2;V3;V5,936,0.9168836901346281,0.6898550724637681,0.7937853107344632,0.6927554878688981,0.6989741279592621,binary;multiclass,0.9299675510593626,0.6262626262626263,0.7153846153846154,0.5615384615384615,0.9679600235155791,0.9025069637883009,0.9,0.9111111111111111,0.909641158668396,0.676923076923077,0.6666666666666666,0.593939393939394,0.9581104958243133,0.8734693877551021,0.8469656992084432,0.8179419525065963,0.8647683783629406,0.38461538461538464,0.36585365853658536,0.35365853658536583,6.3964646000022185,42,287148bfd01ac67b5192268c6c69cc4cc230c004bdfdf332285f38a3b43b08dd,c175815089a491399700d9c586c067665dd8b48251196512f77a0b7e2732d91c,34060e20ca6ca6de13d114a5b1b14cf4e1fd9ffccc3f7ec4453bb00d8b5646f1,e0ff3c32e07682fadc9846638200389f209a85f3ed853069606119f09e085e70,outputs/electrode_coverage_v1/9dd890a3b933b877aaad4b8cfef1d5c589c46d48e39edb8f936cc75617d345c7/predictions/0-1-2-3-4-5-6-7-8-10.npz,9dd890a3b933b877aaad4b8cfef1d5c589c46d48e39edb8f936cc75617d345c7,new_inference,7,LA;LL;RA;V1;V2;V3;V5,8,0.35365853658536583,0.6691627485356169,1
P1_a07,11,0;1;2;3;4;5;6;7;8;10;11,I;II;III;aVR;aVL;aVF;V1;V2;V3;V5;V6,936,0.9155300522327667,0.7014492753623188,0.7943661971830986,0.6971746398808321,0.7037053046416583,binary;multiclass,0.932048100782592,0.6421404682274248,0.7384615384615385,0.5615384615384615,0.9680408583186361,0.9044943820224719,0.8944444444444445,0.9111111111111111,0.9084777738474236,0.6770186335403726,0.6606060606060606,0.5878787878787879,0.9572199352922508,0.8722826086956522,0.8469656992084432,0.8179419525065963,0.8653681384589021,0.389937106918239,0.3780487804878049,0.32926829268292684,6.384920600001351,42,287148bfd01ac67b5192268c6c69cc4cc230c004bdfdf332285f38a3b43b08dd,c175815089a491399700d9c586c067665dd8b48251196512f77a0b7e2732d91c,34060e20ca6ca6de13d114a5b1b14cf4e1fd9ffccc3f7ec4453bb00d8b5646f1,ddfa3f09755a30a448b0bc995d4a8838ab3332e3a10ac49f549a300eaa020c89,outputs/electrode_coverage_v1/9dd890a3b933b877aaad4b8cfef1d5c589c46d48e39edb8f936cc75617d345c7/predictions/0-1-2-3-4-5-6-7-8-10-11.npz,9dd890a3b933b877aaad4b8cfef1d5c589c46d48e39edb8f936cc75617d345c7,new_inference,8,LA;LL;RA;V1;V2;V3;V5;V6,9,0.32926829268292684,0.6615500360448554,1
P1_a07,10,0;1;2;3;4;5;6;7;8;11,I;II;III;aVR;aVL;aVF;V1;V2;V3;V6,936,0.9159126020745972,0.6840579710144927,0.7932489451476793,0.6930773781063186,0.7004679375797208,binary;multiclass,0.9318953998854742,0.6312292358803987,0.7307692307692307,0.5538461538461539,0.9686728395061729,0.9050279329608939,0.9,0.9111111111111111,0.9076917030224423,0.676923076923077,0.6666666666666666,0.5878787878787879,0.9577741671127366,0.8700410396716827,0.8390501319261213,0.8153034300791556,0.8672673787627806,0.3821656050955414,0.36585365853658536,0.3048780487804878,6.389681500000734,42,287148bfd01ac67b5192268c6c69cc4cc230c004bdfdf332285f38a3b43b08dd,c175815089a491399700d9c586c067665dd8b48251196512f77a0b7e2732d91c,34060e20ca6ca6de13d114a5b1b14cf4e1fd9ffccc3f7ec4453bb00d8b5646f1,a35429dfef1851a22c4b2661bea36f9a0d95e516e627640d98efb528b43d9fb8,outputs/electrode_coverage_v1/9dd890a3b933b877aaad4b8cfef1d5c589c46d48e39edb8f936cc75617d345c7/predictions/0-1-2-3-4-5-6-7-8-11.npz,9dd890a3b933b877aaad4b8cfef1d5c589c46d48e39edb8f936cc75617d345c7,new_inference,7,LA;LL;RA;V1;V2;V3;V6,8,0.3048780487804878,0.6547928444623855,1
P1_a07,9,0;1;2;3;4;5;6;7;9,I;II;III;aVR;aVL;aVF;V1;V2;V4,936,0.9162215846391526,0.6898550724637681,0.7876230661040787,0.6950304021967313,0.7021074092191925,binary;multiclass,0.9303015842718076,0.6357615894039735,0.7384615384615385,0.5538461538461539,0.9658803644914756,0.8994413407821229,0.8944444444444445,0.9111111111111111,0.9097590692921433,0.6851851851851852,0.6727272727272727,0.593939393939394,0.9575988972207878,0.8676671214188267,0.8390501319261213,0.8153034300791556,0.8617124578739933,0.3870967741935484,0.36585365853658536,0.3048780487804878,6.405940099997679,42,287148bfd01ac67b5192268c6c69cc4cc230c004bdfdf332285f38a3b43b08dd,c175815089a491399700d9c586c067665dd8b48251196512f77a0b7e2732d91c,34060e20ca6ca6de13d114a5b1b14cf4e1fd9ffccc3f7ec4453bb00d8b5646f1,83332df23c10cc711ff92783414dd8beeabe55e79d3579607b55dda11fe6cd38,outputs/electrode_coverage_v1/9dd890a3b933b877aaad4b8cfef1d5c589c46d48e39edb8f936cc75617d345c7/predictions/0-1-2-3-4-5-6-7-9.npz,9dd890a3b933b877aaad4b8cfef1d5c589c46d48e39edb8f936cc75617d345c7,new_inference,6,LA;LL;RA;V1;V2;V4,7,0.3048780487804878,0.6563079959775371,1
P1_a07,10,0;1;2;3;4;5;6;7;9;10,I;II;III;aVR;aVL;aVF;V1;V2;V4;V5,936,0.9166188479364379,0.6956521739130435,0.7865168539325843,0.6902870325581978,0.6973910145027977,binary;multiclass,0.9289177323916777,0.6241610738255033,0.7153846153846154,0.5538461538461539,0.9660787771898883,0.9050279329608939,0.9,0.9111111111111111,0.9097747907086429,0.6748466257668712,0.6666666666666666,0.5878787878787879,0.9577078487752424,0.8700410396716827,0.8390501319261213,0.8179419525065963,0.8608270977323357,0.37735849056603776,0.36585365853658536,0.32926829268292684,6.385199100001046,42,287148bfd01ac67b5192268c6c69cc4cc230c004bdfdf332285f38a3b43b08dd,c175815089a491399700d9c586c067665dd8b48251196512f77a0b7e2732d91c,34060e20ca6ca6de13d114a5b1b14cf4e1fd9ffccc3f7ec4453bb00d8b5646f1,1fd5c8c201066c9d1f4de9cf529d12bc4ae8e3b1059be0d1762752689e10590f,outputs/electrode_coverage_v1/9dd890a3b933b877aaad4b8cfef1d5c589c46d48e39edb8f936cc75617d345c7/predictions/0-1-2-3-4-5-6-7-9-10.npz,9dd890a3b933b877aaad4b8cfef1d5c589c46d48e39edb8f936cc75617d345c7,new_inference,7,LA;LL;RA;V1;V2;V4;V5,8,0.32926829268292684,0.6615500360448554,1
P1_a07,11,0;1;2;3;4;5;6;7;9;10;11,I;II;III;aVR;aVL;aVF;V1;V2;V4;V5;V6,936,0.9151769293018467,0.7072463768115942,0.7837078651685393,0.6951314570019027,0.702649895670682,binary;multiclass,0.9313895781637717,0.64,0.7384615384615385,0.5538461538461539,0.9660126396237507,0.9019607843137255,0.8944444444444445,0.9055555555555556,0.9099005620406398,0.6770186335403726,0.6606060606060606,0.5818181818181818,0.9570967726654762,0.8715846994535519,0.841688654353562,0.820580474934037,0.862226537956246,0.38509316770186336,0.3780487804878049,0.32926829268292684,6.379147299998294,42,287148bfd01ac67b5192268c6c69cc4cc230c004bdfdf332285f38a3b43b08dd,c175815089a491399700d9c586c067665dd8b48251196512f77a0b7e2732d91c,34060e20ca6ca6de13d114a5b1b14cf4e1fd9ffccc3f7ec4453bb00d8b5646f1,1fca7f1716a646380f1882b3eae572db188c9fdc2380d9a96157b62b07f415d9,outputs/electrode_coverage_v1/9dd890a3b933b877aaad4b8cfef1d5c589c46d48e39edb8f936cc75617d345c7/predictions/0-1-2-3-4-5-6-7-9-10-11.npz,9dd890a3b933b877aaad4b8cfef1d5c589c46d48e39edb8f936cc75617d345c7,new_inference,8,LA;LL;RA;V1;V2;V4;V5;V6,9,0.32926829268292684,0.6593056262476753,1
P1_a07,10,0;1;2;3;4;5;6;7;9;11,I;II;III;aVR;aVL;aVF;V1;V2;V4;V6,936,0.9153240638563966,0.7043478260869566,0.7843137254901961,0.6973092387814538,0.7052308503360695,binary;multiclass,0.9311987020423745,0.64,0.7384615384615385,0.5384615384615384,0.9665564373897706,0.8994413407821229,0.8944444444444445,0.9111111111111111,0.9092088197146564,0.6850152905198776,0.6787878787878788,0.6,0.9574094162565193,0.869684499314129,0.8364116094986808,0.820580474934037,0.8643114182898269,0.3924050632911392,0.3780487804878049,0.32926829268292684,6.391077500000392,42,287148bfd01ac67b5192268c6c69cc4cc230c004bdfdf332285f38a3b43b08dd,c175815089a491399700d9c586c067665dd8b48251196512f77a0b7e2732d91c,34060e20ca6ca6de13d114a5b1b14cf4e1fd9ffccc3f7ec4453bb00d8b5646f1,4a7ea31b8e30199eda0f5397cd8f541bfdd9187ec8c1bca9f9eac307ff1f830c,outputs/electrode_coverage_v1/9dd890a3b933b877aaad4b8cfef1d5c589c46d48e39edb8f936cc75617d345c7/predictions/0-1-2-3-4-5-6-7-9-11.npz,9dd890a3b933b877aaad4b8cfef1d5c589c46d48e39edb8f936cc75617d345c7,new_inference,7,LA;LL;RA;V1;V2;V4;V6,8,0.32926829268292684,0.6652399696820187,1
P1_a07,9,0;1;2;3;4;5;6;7;10,I;II;III;aVR;aVL;aVF;V1;V2;V5,936,0.9169425439564483,0.6840579710144927,0.7870239774330042,0.6934208360784112,0.7008952880070712,binary;multiclass,0.9306356174842526,0.6421404682274248,0.7384615384615385,0.5692307692307692,0.9670340975896531,0.8994413407821229,0.8944444444444445,0.9111111111111111,0.9089808591754117,0.676923076923077,0.6666666666666666,0.5878787878787879,0.9583047138126887,0.8688524590163934,0.8390501319261213,0.8232189973614775,0.8637973382075742,0.379746835443038,0.36585365853658536,0.32926829268292684,6.406811600001674,42,287148bfd01ac67b5192268c6c69cc4cc230c004bdfdf332285f38a3b43b08dd,c175815089a491399700d9c586c067665dd8b48251196512f77a0b7e2732d91c,34060e20ca6ca6de13d114a5b1b14cf4e1fd9ffccc3f7ec4453bb00d8b5646f1,f2828291e3554b4ac58a74ae130b5beb14db95f9a7438852add1acae000dbbf6,outputs/electrode_coverage_v1/9dd890a3b933b877aaad4b8cfef1d5c589c46d48e39edb8f936cc75617d345c7/predictions/0-1-2-3-4-5-6-7-10.npz,9dd890a3b933b877aaad4b8cfef1d5c589c46d48e39edb8f936cc75617d345c7,new_inference,6,LA;LL;RA;V1;V2;V5,7,0.32926829268292684,0.6628692972585758,1
P1_a07,10,0;1;2;3;4;5;6;7;10;11,I;II;III;aVR;aVL;aVF;V1;V2;V5;V6,936,0.9158880796488389,0.6985507246376812,0.790436005625879,0.7004836108152419,0.7086341137393328,binary;multiclass,0.9324584844435961,0.6556291390728477,0.7615384615384615,0.5384615384615384,0.9673794826572604,0.9019607843137255,0.8944444444444445,0.9055555555555556,0.9075737923986951,0.6788990825688074,0.6727272727272727,0.6,0.9575373159074007,0.8684931506849315,0.8364116094986808,0.8232189973614775,0.8648683383789342,0.3974358974358974,0.3780487804878049,0.35365853658536583,6.382326099999773,42,287148bfd01ac67b5192268c6c69cc4cc230c004bdfdf332285f38a3b43b08dd,c175815089a491399700d9c586c067665dd8b48251196512f77a0b7e2732d91c,34060e20ca6ca6de13d114a5b1b14cf4e1fd9ffccc3f7ec4453bb00d8b5646f1,e30d91b0e86c061aa15680b53a06f2a9ee148fade9e93e3f01d0b0e85c12715c,outputs/electrode_coverage_v1/9dd890a3b933b877aaad4b8cfef1d5c589c46d48e39edb8f936cc75617d345c7/predictions/0-1-2-3-4-5-6-7-10-11.npz,9dd890a3b933b877aaad4b8cfef1d5c589c46d48e39edb8f936cc75617d345c7,new_inference,7,LA;LL;RA;V1;V2;V5;V6,8,0.35365853658536583,0.6706082723755997,1
P1_a07,9,0;1;2;3;4;5;6;7;11,I;II;III;aVR;aVL;aVF;V1;V2;V6,936,0.917437896956767,0.6927536231884058,0.7909604519774012,0.6909524315520118,0.699819499204273,binary;multiclass,0.9334033212445123,0.6468646864686468,0.7538461538461538,0.5769230769230769,0.9688418577307466,0.9050279329608939,0.9,0.9111111111111111,0.9070314035294581,0.6786786786786787,0.6848484848484848,0.6,0.9583236619091153,0.8665749656121046,0.8311345646437994,0.8179419525065963,0.8671388587422174,0.3576158940397351,0.32926829268292684,0.34146341463414637,6.416273499999079,42,287148bfd01ac67b5192268c6c69cc4cc230c004bdfdf332285f38a3b43b08dd,c175815089a491399700d9c586c067665dd8b48251196512f77a0b7e2732d91c,34060e20ca6ca6de13d114a5b1b14cf4e1fd9ffccc3f7ec4453bb00d8b5646f1,2c39ae3928527b51bebc972eb4802d9b95b704ea22ef34860ad45d860d536f3b,outputs/electrode_coverage_v1/9dd890a3b933b877aaad4b8cfef1d5c589c46d48e39edb8f936cc75617d345c7/predictions/0-1-2-3-4-5-6-7-11.npz,9dd890a3b933b877aaad4b8cfef1d5c589c46d48e39edb8f936cc75617d345c7,new_inference,6,LA;LL;RA;V1;V2;V6,7,0.34146341463414637,0.6676291195629634,1
P1_a07,8,0;1;2;3;4;5;6;8,I;II;III;aVR;aVL;aVF;V1;V3,936,0.9146570538757695,0.6753623188405797,0.7915492957746478,0.6824242326543066,0.6897722231147805,binary;multiclass,0.9303015842718076,0.6291390728476821,0.7307692307692307,0.5384615384615384,0.9667989417989418,0.8944444444444445,0.8944444444444445,0.9,0.909216680422906,0.6687116564417178,0.6606060606060606,0.5878787878787879,0.9554530253004458,0.8622100954979536,0.8337730870712401,0.8073878627968337,0.8657965385274462,0.3576158940397351,0.32926829268292684,0.32926829268292684,6.381666199999017,42,287148bfd01ac67b5192268c6c69cc4cc230c004bdfdf332285f38a3b43b08dd,c175815089a491399700d9c586c067665dd8b48251196512f77a0b7e2732d91c,34060e20ca6ca6de13d114a5b1b14cf4e1fd9ffccc3f7ec4453bb00d8b5646f1,e792498f266462dddb676f37bfe859d481b8127ff6f432e40b9ff5e29228a2a5,outputs/electrode_coverage_v1/9dd890a3b933b877aaad4b8cfef1d5c589c46d48e39edb8f936cc75617d345c7/predictions/0-1-2-3-4-5-6-8.npz,9dd890a3b933b877aaad4b8cfef1d5c589c46d48e39edb8f936cc75617d345c7,new_inference,5,LA;LL;RA;V1;V3,6,0.32926829268292684,0.6561337358396371,1
P1_a07,9,0;1;2;3;4;5;6;8;9,I;II;III;aVR;aVL;aVF;V1;V3;V4,936,0.915319159371245,0.6695652173913044,0.7842031029619182,0.6958512790312483,0.7023383373103432,binary;multiclass,0.9296048864287078,0.6354515050167224,0.7307692307692307,0.5461538461538461,0.9664829512051735,0.8994413407821229,0.8944444444444445,0.9111111111111111,0.9105530008253744,0.675,0.6545454545454545,0.593939393939394,0.9567936031226463,0.8668478260869565,0.841688654353562,0.8258575197889182,0.8624264579882333,0.4025157232704403,0.3902439024390244,0.3170731707317073,6.403978800000914,42,287148bfd01ac67b5192268c6c69cc4cc230c004bdfdf332285f38a3b43b08dd,c175815089a491399700d9c586c067665dd8b48251196512f77a0b7e2732d91c,34060e20ca6ca6de13d114a5b1b14cf4e1fd9ffccc3f7ec4453bb00d8b5646f1,d6f916be4e30be28d9522a65c949ebfd3196fe18c6541c20c62f4c6e0440863d,outputs/electrode_coverage_v1/9dd890a3b933b877aaad4b8cfef1d5c589c46d48e39edb8f936cc75617d345c7/predictions/0-1-2-3-4-5-6-8-9.npz,9dd890a3b933b877aaad4b8cfef1d5c589c46d48e39edb8f936cc75617d345c7,new_inference,6,LA;LL;RA;V1;V3;V4,7,0.3170731707317073,0.6619952988927826,1
P1_a07,10,0;1;2;3;4;5;6;8;9;10,I;II;III;aVR;aVL;aVF;V1;V3;V4;V5,936,0.9162019666985457,0.6956521739130435,0.7830985915492957,0.6926661768110678,0.6987875457661158,binary;multiclass,0.9290418018705859,0.6287625418060201,0.7230769230769231,0.5615384615384615,0.9666446208112875,0.9050279329608939,0.9,0.9111111111111111,0.9114019573163543,0.66875,0.6484848484848484,0.5878787878787879,0.957295727677958,0.8683853459972863,0.8443271767810027,0.8258575197889182,0.8606985777117724,0.3924050632911392,0.3780487804878049,0.36585365853658536,6.395141599998169,42,287148bfd01ac67b5192268c6c69cc4cc230c004bdfdf332285f38a3b43b08dd,c175815089a491399700d9c586c067665dd8b48251196512f77a0b7e2732d91c,34060e20ca6ca6de13d114a5b1b14cf4e1fd9ffccc3f7ec4453bb00d8b5646f1,08102001139a03afd884bcf7a4b734c9ab14282a3d7321011ba81e37dce2b86c,outputs/electrode_coverage_v1/9dd890a3b933b877aaad4b8cfef1d5c589c46d48e39edb8f936cc75617d345c7/predictions/0-1-2-3-4-5-6-8-9-10.npz,9dd890a3b933b877aaad4b8cfef1d5c589c46d48e39edb8f936cc75617d345c7,new_inference,7,LA;LL;RA;V1;V3;V4;V5,8,0.36585365853658536,0.6726752693288506,1
P1_a07,11,0;1;2;3;4;5;6;8;9;10;11,I;II;III;aVR;aVL;aVF;V1;V3;V4;V5;V6,936,0.914784570489713,0.6956521739130435,0.7854137447405329,0.6924513201367468,0.6994329084405666,binary;multiclass,0.930616529872113,0.6283783783783784,0.7153846153846154,0.5461538461538461,0.9666666666666668,0.8969359331476323,0.8944444444444445,0.9111111111111111,0.9100970797468851,0.6645962732919255,0.6484848484848484,0.5878787878787879,0.9568883436047806,0.8649386084583902,0.8364116094986808,0.8179419525065963,0.862726338036214,0.4074074074074074,0.4024390243902439,0.35365853658536583,6.387679999999818,42,287148bfd01ac67b5192268c6c69cc4cc230c004bdfdf332285f38a3b43b08dd,c175815089a491399700d9c586c067665dd8b48251196512f77a0b7e2732d91c,34060e20ca6ca6de13d114a5b1b14cf4e1fd9ffccc3f7ec4453bb00d8b5646f1,f9daa533a3c0ce62aa0d2ce644f14b9de5fc789fc8976b4925b555b799ab8cbf,outputs/electrode_coverage_v1/9dd890a3b933b877aaad4b8cfef1d5c589c46d48e39edb8f936cc75617d345c7/predictions/0-1-2-3-4-5-6-8-9-10-11.npz,9dd890a3b933b877aaad4b8cfef1d5c589c46d48e39edb8f936cc75617d345c7,new_inference,8,LA;LL;RA;V1;V3;V4;V5;V6,9,0.35365853658536583,0.6676475970204652,1
P1_a07,10,0;1;2;3;4;5;6;8;9;11,I;II;III;aVR;aVL;aVF;V1;V3;V4;V6,936,0.9151818337869984,0.672463768115942,0.7848101265822784,0.6920107268334093,0.6996979487609515,binary;multiclass,0.9311128077877457,0.64,0.7384615384615385,0.5307692307692308,0.9670487948265726,0.8994413407821229,0.8944444444444445,0.9055555555555556,0.910057776205636,0.6666666666666666,0.6484848484848484,0.5818181818181818,0.956897817652994,0.8688524590163934,0.8390501319261213,0.820580474934037,0.8631832981093276,0.38509316770186336,0.3780487804878049,0.34146341463414637,6.380873199999769,42,287148bfd01ac67b5192268c6c69cc4cc230c004bdfdf332285f38a3b43b08dd,c175815089a491399700d9c586c067665dd8b48251196512f77a0b7e2732d91c,34060e20ca6ca6de13d114a5b1b14cf4e1fd9ffccc3f7ec4453bb00d8b5646f1,22baec8f9f09b551ce98714220c017517308733b94dd3fbf13abf1d1cc16779a,outputs/electrode_coverage_v1/9dd890a3b933b877aaad4b8cfef1d5c589c46d48e39edb8f936cc75617d345c7/predictions/0-1-2-3-4-5-6-8-9-11.npz,9dd890a3b933b877aaad4b8cfef1d5c589c46d48e39edb8f936cc75617d345c7,new_inference,7,LA;LL;RA;V1;V3;V4;V6,8,0.34146341463414637,0.6623544067354802,1
P1_a07,9,0;1;2;3;4;5;6;8;10,I;II;III;aVR;aVL;aVF;V1;V3;V5,936,0.9168150273425046,0.6840579710144927,0.7886524822695036,0.6941832660307953,0.7010569420711643,binary;multiclass,0.929862569192594,0.6241610738255033,0.7153846153846154,0.5692307692307692,0.9671884185773075,0.9,0.9,0.9111111111111111,0.9116770821050977,0.6728395061728395,0.6606060606060606,0.593939393939394,0.9570872986172627,0.8688524590163934,0.8390501319261213,0.8258575197889182,0.8635117381618781,0.4050632911392405,0.3902439024390244,0.34146341463414637,6.4009760999979335,42,287148bfd01ac67b5192268c6c69cc4cc230c004bdfdf332285f38a3b43b08dd,c175815089a491399700d9c586c067665dd8b48251196512f77a0b7e2732d91c,34060e20ca6ca6de13d114a5b1b14cf4e1fd9ffccc3f7ec4453bb00d8b5646f1,664e975a932239ee20f46ca9dd270ed52e76598af1a92c4352aec8c7fee452ea,outputs/electrode_coverage_v1/9dd890a3b933b877aaad4b8cfef1d5c589c46d48e39edb8f936cc75617d345c7/predictions/0-1-2-3-4-5-6-8-10.npz,9dd890a3b933b877aaad4b8cfef1d5c589c46d48e39edb8f936cc75617d345c7,new_inference,6,LA;LL;RA;V1;V3;V5,7,0.34146341463414637,0.6680928598683924,1
P1_a07,10,0;1;2;3;4;5;6;8;10;11,I;II;III;aVR;aVL;aVF;V1;V3;V5;V6,936,0.9151327889354814,0.6927536231884058,0.7892503536067893,0.6927162251887828,0.6992001142274648,binary;multiclass,0.9316186295094484,0.6333333333333333,0.7307692307692307,0.5692307692307692,0.9672912992357438,0.9044943820224719,0.8944444444444445,0.9111111111111111,0.909641158668396,0.6728395061728395,0.6606060606060606,0.5757575757575758,0.9565378038208836,0.8707482993197279,0.8443271767810027,0.8232189973614775,0.8652967384474781,0.3821656050955414,0.36585365853658536,0.34146341463414637,6.38803310000003,42,287148bfd01ac67b5192268c6c69cc4cc230c004bdfdf332285f38a3b43b08dd,c175815089a491399700d9c586c067665dd8b48251196512f77a0b7e2732d91c,34060e20ca6ca6de13d114a5b1b14cf4e1fd9ffccc3f7ec4453bb00d8b5646f1,80328cf1d4cfa19cd98f3012032eed7bc1ea8ca5f540592b17a06e1c01fd26a0,outputs/electrode_coverage_v1/9dd890a3b933b877aaad4b8cfef1d5c589c46d48e39edb8f936cc75617d345c7/predictions/0-1-2-3-4-5-6-8-10-11.npz,9dd890a3b933b877aaad4b8cfef1d5c589c46d48e39edb8f936cc75617d345c7,new_inference,7,LA;LL;RA;V1;V3;V5;V6,8,0.34146341463414637,0.6628877747160776,1
P1_a07,9,0;1;2;3;4;5;6;8;11,I;II;III;aVR;aVL;aVF;V1;V3;V6,936,0.9158243213418672,0.6840579710144927,0.7915492957746478,0.693131819855653,0.7004531556137193,binary;multiclass,0.9319049436915441,0.6333333333333333,0.7307692307692307,0.5615384615384615,0.9683568489124046,0.907563025210084,0.9,0.9111111111111111,0.9091223519239083,0.6829268292682927,0.6787878787878788,0.5878787878787879,0.9571109837377962,0.8700410396716827,0.8390501319261213,0.8179419525065963,0.8682526989204319,0.3717948717948718,0.35365853658536583,0.3048780487804878,6.446273499997915,42,287148bfd01ac67b5192268c6c69cc4cc230c004bdfdf332285f38a3b43b08dd,c175815089a491399700d9c586c067665dd8b48251196512f77a0b7e2732d91c,34060e20ca6ca6de13d114a5b1b14cf4e1fd9ffccc3f7ec4453bb00d8b5646f1,eed5b15498d9395c470e8022c7f731e7563fc018e8b8fbfcf480948fe9232d1a,outputs/electrode_coverage_v1/9dd890a3b933b877aaad4b8cfef1d5c589c46d48e39edb8f936cc75617d345c7/predictions/0-1-2-3-4-5-6-8-11.npz,9dd890a3b933b877aaad4b8cfef1d5c589c46d48e39edb8f936cc75617d345c7,new_inference,6,LA;LL;RA;V1;V3;V6,7,0.3048780487804878,0.6554524750692456,1
P1_a07,8,0;1;2;3;4;5;6;9,I;II;III;aVR;aVL;aVF;V1;V4,936,0.9164471909561294,0.7014492753623188,0.7876230661040787,0.690454687269852,0.6986129758579723,binary;multiclass,0.9300152700897119,0.6421404682274248,0.7384615384615385,0.5384615384615384,0.9653733098177542,0.8969359331476323,0.8944444444444445,0.9055555555555556,0.9126596706363245,0.676829268292683,0.6727272727272727,0.5515151515151515,0.9567557069297925,0.8669410150891632,0.8337730870712401,0.8153034300791556,0.8611983777917405,0.36942675159235666,0.35365853658536583,0.2804878048780488,6.381820499998867,42,287148bfd01ac67b5192268c6c69cc4cc230c004bdfdf332285f38a3b43b08dd,c175815089a491399700d9c586c067665dd8b48251196512f77a0b7e2732d91c,34060e20ca6ca6de13d114a5b1b14cf4e1fd9ffccc3f7ec4453bb00d8b5646f1,afc8b4488d7b512cba270f523ebf0b2ed9dc6d95b30dd6b1c1b0541c47722bd8,outputs/electrode_coverage_v1/9dd890a3b933b877aaad4b8cfef1d5c589c46d48e39edb8f936cc75617d345c7/predictions/0-1-2-3-4-5-6-9.npz,9dd890a3b933b877aaad4b8cfef1d5c589c46d48e39edb8f936cc75617d345c7,new_inference,5,LA;LL;RA;V1;V4,6,0.2804878048780488,0.6382154855069779,1
P1_a07,9,0;1;2;3;4;5;6;9;10,I;II;III;aVR;aVL;aVF;V1;V4;V5,936,0.9177763064322323,0.7043478260869566,0.7892503536067893,0.6956056623496704,0.7022077632773301,binary;multiclass,0.9292040465737736,0.6397306397306397,0.7307692307692307,0.5538461538461539,0.9654394473838919,0.9050279329608939,0.9,0.9111111111111111,0.9134536021695554,0.683076923076923,0.6727272727272727,0.5696969696969697,0.9569357138458479,0.8680272108843538,0.841688654353562,0.8179419525065963,0.8577711772433884,0.3821656050955414,0.36585365853658536,0.2804878048780488,6.403473700000177,42,287148bfd01ac67b5192268c6c69cc4cc230c004bdfdf332285f38a3b43b08dd,c175815089a491399700d9c586c067665dd8b48251196512f77a0b7e2732d91c,34060e20ca6ca6de13d114a5b1b14cf4e1fd9ffccc3f7ec4453bb00d8b5646f1,b09a0b6b1190ada63b82e22ce2071cbf2e80ddf3297c4ca317de274e238e4157,outputs/electrode_coverage_v1/9dd890a3b933b877aaad4b8cfef1d5c589c46d48e39edb8f936cc75617d345c7/predictions/0-1-2-3-4-5-6-9-10.npz,9dd890a3b933b877aaad4b8cfef1d5c589c46d48e39edb8f936cc75617d345c7,new_inference,6,LA;LL;RA;V1;V4;V5,7,0.2804878048780488,0.6448094595481815,1
P1_a07,10,0;1;2;3;4;5;6;9;10;11,I;II;III;aVR;aVL;aVF;V1;V4;V5;V6,936,0.9151916427573016,0.7072463768115942,0.7832167832167832,0.6807539213736407,0.6885601019026593,binary;multiclass,0.9308264936056498,0.6375838926174496,0.7307692307692307,0.5846153846153846,0.9655643738977072,0.8944444444444445,0.8944444444444445,0.9055555555555556,0.9121015603505876,0.6687306501547987,0.6545454545454545,0.5878787878787879,0.9565567519173106,0.8633879781420765,0.8337730870712401,0.820580474934037,0.8592991374878619,0.33962264150943394,0.32926829268292684,0.25609756097560976,6.405900999998266,42,287148bfd01ac67b5192268c6c69cc4cc230c004bdfdf332285f38a3b43b08dd,c175815089a491399700d9c586c067665dd8b48251196512f77a0b7e2732d91c,34060e20ca6ca6de13d114a5b1b14cf4e1fd9ffccc3f7ec4453bb00d8b5646f1,965c0e2e127e8206d49e40568d92f9558087e08d969ffcb494e619eb54fcbd72,outputs/electrode_coverage_v1/9dd890a3b933b877aaad4b8cfef1d5c589c46d48e39edb8f936cc75617d345c7/predictions/0-1-2-3-4-5-6-9-10-11.npz,9dd890a3b933b877aaad4b8cfef1d5c589c46d48e39edb8f936cc75617d345c7,new_inference,7,LA;LL;RA;V1;V4;V5;V6,8,0.25609756097560976,0.6425280948359975,1
P1_a07,9,0;1;2;3;4;5;6;9;11,I;II;III;aVR;aVL;aVF;V1;V4;V6,936,0.9159420289855073,0.6927536231884058,0.788218793828892,0.684658433571786,0.6932072225919963,binary;multiclass,0.9308551250238595,0.6442953020134228,0.7384615384615385,0.5692307692307692,0.9660199882422105,0.8969359331476323,0.8944444444444445,0.9111111111111111,0.9121644460165862,0.6727272727272727,0.6727272727272727,0.5757575757575758,0.9573525719672388,0.8653846153846154,0.8311345646437994,0.8179419525065963,0.86194093791055,0.34394904458598724,0.32926829268292684,0.2804878048780488,6.398011600002064,42,287148bfd01ac67b5192268c6c69cc4cc230c004bdfdf332285f38a3b43b08dd,c175815089a491399700d9c586c067665dd8b48251196512f77a0b7e2732d91c,34060e20ca6ca6de13d114a5b1b14cf4e1fd9ffccc3f7ec4453bb00d8b5646f1,672400eec96704b23d8ecc1a7efc67c8da762ad16cae55f5b24609100b62c557,outputs/electrode_coverage_v1/9dd890a3b933b877aaad4b8cfef1d5c589c46d48e39edb8f936cc75617d345c7/predictions/0-1-2-3-4-5-6-9-11.npz,9dd890a3b933b877aaad4b8cfef1d5c589c46d48e39edb8f936cc75617d345c7,new_inference,6,LA;LL;RA;V1;V4;V6,7,0.2804878048780488,0.6463246110633329,1
P1_a07,8,0;1;2;3;4;5;6;10,I;II;III;aVR;aVL;aVF;V1;V5,936,0.9170112067485716,0.6927536231884058,0.7813822284908322,0.6794928838919423,0.6864382337385748,binary;multiclass,0.930473372781065,0.6245847176079734,0.7230769230769231,0.5384615384615384,0.9669238683127571,0.8938547486033519,0.8888888888888888,0.9055555555555556,0.9122116102660849,0.6646153846153846,0.6545454545454545,0.5878787878787879,0.9570067692074484,0.8637602179836512,0.8364116094986808,0.8284960422163589,0.8651824984291998,0.35064935064935066,0.32926829268292684,0.34146341463414637,6.396169499999814,42,287148bfd01ac67b5192268c6c69cc4cc230c004bdfdf332285f38a3b43b08dd,c175815089a491399700d9c586c067665dd8b48251196512f77a0b7e2732d91c,34060e20ca6ca6de13d114a5b1b14cf4e1fd9ffccc3f7ec4453bb00d8b5646f1,202ca06f03aee37f48d6fb72aec9a30f56f095c510b817b93537ad75c8f35782,outputs/electrode_coverage_v1/9dd890a3b933b877aaad4b8cfef1d5c589c46d48e39edb8f936cc75617d345c7/predictions/0-1-2-3-4-5-6-10.npz,9dd890a3b933b877aaad4b8cfef1d5c589c46d48e39edb8f936cc75617d345c7,new_inference,5,LA;LL;RA;V1;V5,6,0.34146341463414637,0.6658484500712121,1
P1_a07,9,0;1;2;3;4;5;6;10;11,I;II;III;aVR;aVL;aVF;V1;V5;V6,936,0.9151720248166949,0.6956521739130435,0.7810320781032078,0.6863469817144029,0.6919147771306855,binary;multiclass,0.9319526627218935,0.6326530612244898,0.7153846153846154,0.5461538461538461,0.9664315108759552,0.9019607843137255,0.8944444444444445,0.9055555555555556,0.9098298156663914,0.6808510638297872,0.6787878787878788,0.5878787878787879,0.9565614889414173,0.8633288227334236,0.841688654353562,0.8179419525065963,0.8661392585822814,0.35294117647058826,0.32926829268292684,0.34146341463414637,6.410799500001303,42,287148bfd01ac67b5192268c6c69cc4cc230c004bdfdf332285f38a3b43b08dd,c175815089a491399700d9c586c067665dd8b48251196512f77a0b7e2732d91c,34060e20ca6ca6de13d114a5b1b14cf4e1fd9ffccc3f7ec4453bb00d8b5646f1,ddebbcc3f51a1a418c4ddc2590980df5b472d446eb93f06f2c50e175899f8693,outputs/electrode_coverage_v1/9dd890a3b933b877aaad4b8cfef1d5c589c46d48e39edb8f936cc75617d345c7/predictions/0-1-2-3-4-5-6-10-11.npz,9dd890a3b933b877aaad4b8cfef1d5c589c46d48e39edb8f936cc75617d345c7,new_inference,6,LA;LL;RA;V1;V5;V6,7,0.34146341463414637,0.6632099276437714,1
P1_a07,8,0;1;2;3;4;5;6;11,I;II;III;aVR;aVL;aVF;V1;V6,936,0.9159076975894455,0.6956521739130435,0.7909604519774012,0.697654704791241,0.7068182060697666,binary;multiclass,0.9347394540942927,0.6579804560260586,0.7769230769230769,0.5692307692307692,0.9685038212815991,0.8994413407821229,0.8944444444444445,0.9055555555555556,0.9074637424831977,0.6975308641975309,0.6848484848484848,0.6181818181818182,0.9577031117511358,0.869684499314129,0.8364116094986808,0.8311345646437994,0.870594619295139,0.36363636363636365,0.34146341463414637,0.32926829268292684,6.384218999999575,42,287148bfd01ac67b5192268c6c69cc4cc230c004bdfdf332285f38a3b43b08dd,c175815089a491399700d9c586c067665dd8b48251196512f77a0b7e2732d91c,34060e20ca6ca6de13d114a5b1b14cf4e1fd9ffccc3f7ec4453bb00d8b5646f1,4b9c2a108dcf30d57d66b78dcde7bb6d647dff9c751582501ceec9eb55fa5c28,outputs/electrode_coverage_v1/9dd890a3b933b877aaad4b8cfef1d5c589c46d48e39edb8f936cc75617d345c7/predictions/0-1-2-3-4-5-6-11.npz,9dd890a3b933b877aaad4b8cfef1d5c589c46d48e39edb8f936cc75617d345c7,new_inference,5,LA;LL;RA;V1;V6,6,0.32926829268292684,0.6710350577660249,1
P1_a07,7,0;1;2;3;4;5;7,I;II;III;aVR;aVL;aVF;V2,936,0.9140734201427205,0.6753623188405797,0.7821229050279329,0.6919696364713414,0.6988706982001274,binary;multiclass,0.9321339950372208,0.6378737541528239,0.7384615384615385,0.5923076923076923,0.9676954732510288,0.896358543417367,0.8888888888888888,0.9,0.9035019455252918,0.6746268656716418,0.6848484848484848,0.593939393939394,0.9558319872289831,0.8590971272229823,0.8284960422163589,0.8021108179419525,0.8625549780087965,0.3918918918918919,0.35365853658536583,0.36585365853658536,6.633232900001531,42,287148bfd01ac67b5192268c6c69cc4cc230c004bdfdf332285f38a3b43b08dd,c175815089a491399700d9c586c067665dd8b48251196512f77a0b7e2732d91c,34060e20ca6ca6de13d114a5b1b14cf4e1fd9ffccc3f7ec4453bb00d8b5646f1,ea2df4068f3059f2d1532c20ab53263f51ce5645b85a8cf0bbfee52de7eb87f9,outputs/electrode_coverage_v1/9dd890a3b933b877aaad4b8cfef1d5c589c46d48e39edb8f936cc75617d345c7/predictions/0-1-2-3-4-5-7.npz,9dd890a3b933b877aaad4b8cfef1d5c589c46d48e39edb8f936cc75617d345c7,new_inference,4,LA;LL;RA;V2,5,0.36585365853658536,0.6654759676044829,1
P1_a07,8,0;1;2;3;4;5;7;8,I;II;III;aVR;aVL;aVF;V2;V3,936,0.9141617008754506,0.6840579710144927,0.7871148459383753,0.6866837323891521,0.6935243788181558,binary;multiclass,0.9290418018705859,0.6291390728476821,0.7307692307692307,0.5615384615384615,0.9671075837742504,0.898876404494382,0.8888888888888888,0.9,0.9070156821129584,0.6747720364741642,0.6727272727272727,0.6060606060606061,0.9549461637210273,0.8622100954979536,0.8337730870712401,0.8047493403693932,0.860441537670646,0.3684210526315789,0.34146341463414637,0.34146341463414637,6.377978900000016,42,287148bfd01ac67b5192268c6c69cc4cc230c004bdfdf332285f38a3b43b08dd,c175815089a491399700d9c586c067665dd8b48251196512f77a0b7e2732d91c,34060e20ca6ca6de13d114a5b1b14cf4e1fd9ffccc3f7ec4453bb00d8b5646f1,b8c589f1895c7be3cfd1ac5c6e865a60fbfaaa48022c32252482bd9d8fed892b,outputs/electrode_coverage_v1/9dd890a3b933b877aaad4b8cfef1d5c589c46d48e39edb8f936cc75617d345c7/predictions/0-1-2-3-4-5-7-8.npz,9dd890a3b933b877aaad4b8cfef1d5c589c46d48e39edb8f936cc75617d345c7,new_inference,5,LA;LL;RA;V2;V3,6,0.34146341463414637,0.6630683402660363,1
P1_a07,9,0;1;2;3;4;5;7;8;9,I;II;III;aVR;aVL;aVF;V2;V3;V4,936,0.9145491552024327,0.6782608695652174,0.7899159663865546,0.6867381753947551,0.6924182095299928,binary;multiclass,0.928631418209582,0.6237288135593221,0.7076923076923077,0.5692307692307692,0.9662110523221634,0.898876404494382,0.8888888888888888,0.9055555555555556,0.9093581731714027,0.6707692307692308,0.6606060606060606,0.6,0.9559172536629039,0.8629579375848032,0.8390501319261213,0.8073878627968337,0.8609270577483292,0.37735849056603776,0.36585365853658536,0.3048780487804878,6.399695400003111,42,287148bfd01ac67b5192268c6c69cc4cc230c004bdfdf332285f38a3b43b08dd,c175815089a491399700d9c586c067665dd8b48251196512f77a0b7e2732d91c,34060e20ca6ca6de13d114a5b1b14cf4e1fd9ffccc3f7ec4453bb00d8b5646f1,7d86896f42a22d4b0c922c6c4e313ac7416fbd35df41bf5b24fa7fdb30c30fbe,outputs/electrode_coverage_v1/9dd890a3b933b877aaad4b8cfef1d5c589c46d48e39edb8f936cc75617d345c7/predictions/0-1-2-3-4-5-7-8-9.npz,9dd890a3b933b877aaad4b8cfef1d5c589c46d48e39edb8f936cc75617d345c7,new_inference,6,LA;LL;RA;V2;V3;V4,7,0.3048780487804878,0.6544553667832193,1
P1_a07,10,0;1;2;3;4;5;7;8;9;10,I;II;III;aVR;aVL;aVF;V2;V3;V4;V5,936,0.9145982000539493,0.6782608695652174,0.7842031029619182,0.6862675049824206,0.6925431856971853,binary;multiclass,0.9291563275434243,0.6287625418060201,0.7230769230769231,0.5615384615384615,0.9662184009406232,0.898876404494382,0.8888888888888888,0.9055555555555556,0.9094367802539008,0.6625386996904025,0.6484848484848484,0.593939393939394,0.955765668891489,0.8614130434782609,0.8364116094986808,0.8047493403693932,0.8605986176957788,0.379746835443038,0.36585365853658536,0.3170731707317073,6.381831700000475,42,287148bfd01ac67b5192268c6c69cc4cc230c004bdfdf332285f38a3b43b08dd,c175815089a491399700d9c586c067665dd8b48251196512f77a0b7e2732d91c,34060e20ca6ca6de13d114a5b1b14cf4e1fd9ffccc3f7ec4453bb00d8b5646f1,bedafc2b8453a6987ad706252a08bae9fd1c202205de93a54e28e24654af84e2,outputs/electrode_coverage_v1/9dd890a3b933b877aaad4b8cfef1d5c589c46d48e39edb8f936cc75617d345c7/predictions/0-1-2-3-4-5-7-8-9-10.npz,9dd890a3b933b877aaad4b8cfef1d5c589c46d48e39edb8f936cc75617d345c7,new_inference,7,LA;LL;RA;V2;V3;V4;V5,8,0.3170731707317073,0.6553293651490125,1
P1_a07,11,0;1;2;3;4;5;7;8;9;10;11,I;II;III;aVR;aVL;aVF;V2;V3;V4;V5;V6,936,0.913960616984232,0.6840579710144927,0.7859154929577464,0.6971272985955808,0.703822962830621,binary;multiclass,0.9308646688299292,0.6397306397306397,0.7307692307692307,0.5615384615384615,0.9666005291005291,0.898876404494382,0.8888888888888888,0.9111111111111111,0.9088472271351649,0.6707692307692308,0.6606060606060606,0.6,0.9550077450344145,0.8637602179836512,0.8364116094986808,0.8047493403693932,0.8615410978465756,0.4125,0.4024390243902439,0.32926829268292684,6.393540400000347,42,287148bfd01ac67b5192268c6c69cc4cc230c004bdfdf332285f38a3b43b08dd,c175815089a491399700d9c586c067665dd8b48251196512f77a0b7e2732d91c,34060e20ca6ca6de13d114a5b1b14cf4e1fd9ffccc3f7ec4453bb00d8b5646f1,232aa1e627477a7f570543ac84d44ab429d18d7a4c5ece0096d821124a865b9c,outputs/electrode_coverage_v1/9dd890a3b933b877aaad4b8cfef1d5c589c46d48e39edb8f936cc75617d345c7/predictions/0-1-2-3-4-5-7-8-9-10-11.npz,9dd890a3b933b877aaad4b8cfef1d5c589c46d48e39edb8f936cc75617d345c7,new_inference,8,LA;LL;RA;V2;V3;V4;V5;V6,9,0.32926829268292684,0.6612821860408578,1
P1_a07,10,0;1;2;3;4;5;7;8;9;11,I;II;III;aVR;aVL;aVF;V2;V3;V4;V6,936,0.9140439932318105,0.6753623188405797,0.7804195804195804,0.6936222511934261,0.6998454769019156,binary;multiclass,0.9306642489024624,0.6287625418060201,0.7230769230769231,0.5461538461538461,0.9670708406819518,0.9014084507042254,0.8888888888888888,0.9055555555555556,0.9080611563101835,0.6728395061728395,0.6606060606060606,0.6,0.9555335547102599,0.8625850340136054,0.8364116094986808,0.8073878627968337,0.8623836179813789,0.4025157232704403,0.3902439024390244,0.3048780487804878,6.383674900000187,42,287148bfd01ac67b5192268c6c69cc4cc230c004bdfdf332285f38a3b43b08dd,c175815089a491399700d9c586c067665dd8b48251196512f77a0b7e2732d91c,34060e20ca6ca6de13d114a5b1b14cf4e1fd9ffccc3f7ec4453bb00d8b5646f1,cb97ae285bc453a8006d34ea37a0d61b7b8fae20eb82ed6d675c3c1cfb28b736,outputs/electrode_coverage_v1/9dd890a3b933b877aaad4b8cfef1d5c589c46d48e39edb8f936cc75617d345c7/predictions/0-1-2-3-4-5-7-8-9-11.npz,9dd890a3b933b877aaad4b8cfef1d5c589c46d48e39edb8f936cc75617d345c7,new_inference,7,LA;LL;RA;V2;V3;V4;V6,8,0.3048780487804878,0.6544553667832193,1
P1_a07,9,0;1;2;3;4;5;7;8;10,I;II;III;aVR;aVL;aVF;V2;V3;V5,936,0.9155790970842835,0.6753623188405797,0.7926657263751763,0.6916180080482783,0.698417209564645,binary;multiclass,0.9298053063561749,0.6354515050167224,0.7307692307692307,0.5769230769230769,0.9675264550264551,0.896358543417367,0.8888888888888888,0.9055555555555556,0.9099634477066384,0.6728395061728395,0.6606060606060606,0.593939393939394,0.9558935685423704,0.8610354223433242,0.8337730870712401,0.7968337730870713,0.8642542982806877,0.3924050632911392,0.3780487804878049,0.32926829268292684,6.459708399997908,42,287148bfd01ac67b5192268c6c69cc4cc230c004bdfdf332285f38a3b43b08dd,c175815089a491399700d9c586c067665dd8b48251196512f77a0b7e2732d91c,34060e20ca6ca6de13d114a5b1b14cf4e1fd9ffccc3f7ec4453bb00d8b5646f1,4e8beb2c8cc2321e87728adf936be3571898b0cc96cc4516d875dd9aecc446a1,outputs/electrode_coverage_v1/9dd890a3b933b877aaad4b8cfef1d5c589c46d48e39edb8f936cc75617d345c7/predictions/0-1-2-3-4-5-7-8-10.npz,9dd890a3b933b877aaad4b8cfef1d5c589c46d48e39edb8f936cc75617d345c7,new_inference,6,LA;LL;RA;V2;V3;V5,7,0.32926829268292684,0.6563992538162369,1
P1_a07,10,0;1;2;3;4;5;7;8;10;11,I;II;III;aVR;aVL;aVF;V2;V3;V5;V6,936,0.9145687731430393,0.6753623188405797,0.7915492957746478,0.6892223828957279,0.6959781851744011,binary;multiclass,0.9320958198129414,0.6333333333333333,0.7307692307692307,0.5692307692307692,0.9675558495002939,0.896358543417367,0.8888888888888888,0.9111111111111111,0.9085327988051723,0.6707692307692308,0.6606060606060606,0.593939393939394,0.9550645893236951,0.8610354223433242,0.8337730870712401,0.7994722955145118,0.8643970983035357,0.38461538461538464,0.36585365853658536,0.32926829268292684,6.386925999999221,42,287148bfd01ac67b5192268c6c69cc4cc230c004bdfdf332285f38a3b43b08dd,c175815089a491399700d9c586c067665dd8b48251196512f77a0b7e2732d91c,34060e20ca6ca6de13d114a5b1b14cf4e1fd9ffccc3f7ec4453bb00d8b5646f1,d6cbf1b976b94e405e3e558dea9b420133cbe2c7a91d3d95bc0fc34008f6fd0c,outputs/electrode_coverage_v1/9dd890a3b933b877aaad4b8cfef1d5c589c46d48e39edb8f936cc75617d345c7/predictions/0-1-2-3-4-5-7-8-10-11.npz,9dd890a3b933b877aaad4b8cfef1d5c589c46d48e39edb8f936cc75617d345c7,new_inference,7,LA;LL;RA;V2;V3;V5;V6,8,0.32926829268292684,0.6584477733119859,1
P1_a07,9,0;1;2;3;4;5;7;8;11,I;II;III;aVR;aVL;aVF;V2;V3;V6,936,0.9149268005591114,0.6608695652173913,0.791023842917251,0.6859144805193658,0.6925284037311839,binary;multiclass,0.9317426989883566,0.618421052631579,0.7230769230769231,0.5692307692307692,0.9683348030570254,0.896358543417367,0.8888888888888888,0.9055555555555556,0.9075109067326966,0.6707692307692308,0.6606060606060606,0.6,0.9556898765057815,0.8649386084583902,0.8364116094986808,0.8021108179419525,0.8661392585822814,0.3790849673202614,0.35365853658536583,0.3048780487804878,6.460598500001652,42,287148bfd01ac67b5192268c6c69cc4cc230c004bdfdf332285f38a3b43b08dd,c175815089a491399700d9c586c067665dd8b48251196512f77a0b7e2732d91c,34060e20ca6ca6de13d114a5b1b14cf4e1fd9ffccc3f7ec4453bb00d8b5646f1,b47d96d01584eb84b6c59ad4e3fa21797ad528b173dbb4efc7c4bb273d18a573,outputs/electrode_coverage_v1/9dd890a3b933b877aaad4b8cfef1d5c589c46d48e39edb8f936cc75617d345c7/predictions/0-1-2-3-4-5-7-8-11.npz,9dd890a3b933b877aaad4b8cfef1d5c589c46d48e39edb8f936cc75617d345c7,new_inference,6,LA;LL;RA;V2;V3;V6,7,0.3048780487804878,0.6531361055694989,1
P1_a07,8,0;1;2;3;4;5;7;9,I;II;III;aVR;aVL;aVF;V2;V4,936,0.9158782706785356,0.6927536231884058,0.7905027932960894,0.6864212639000055,0.6926139758233201,binary;multiclass,0.9291372399312846,0.6262626262626263,0.7153846153846154,0.5692307692307692,0.9650352733686067,0.8994413407821229,0.8944444444444445,0.9055555555555556,0.9099948905396378,0.6809815950920245,0.6727272727272727,0.6,0.9560025200968247,0.8641304347826086,0.8390501319261213,0.8126649076517151,0.8593848175015708,0.36129032258064514,0.34146341463414637,0.34146341463414637,6.384913599998981,42,287148bfd01ac67b5192268c6c69cc4cc230c004bdfdf332285f38a3b43b08dd,c175815089a491399700d9c586c067665dd8b48251196512f77a0b7e2732d91c,34060e20ca6ca6de13d114a5b1b14cf4e1fd9ffccc3f7ec4453bb00d8b5646f1,6d11b41b796f93c2096e022dd7baa00071e8df940f1ecae2a2c4418b54e0a195,outputs/electrode_coverage_v1/9dd890a3b933b877aaad4b8cfef1d5c589c46d48e39edb8f936cc75617d345c7/predictions/0-1-2-3-4-5-7-9.npz,9dd890a3b933b877aaad4b8cfef1d5c589c46d48e39edb8f936cc75617d345c7,new_inference,5,LA;LL;RA;V2;V4,6,0.34146341463414637,0.6649209694603542,1
P1_a07,9,0;1;2;3;4;5;7;9;10,I;II;III;aVR;aVL;aVF;V2;V4;V5,936,0.9153976311336719,0.7014492753623188,0.7821229050279329,0.684494466777535,0.6906875679325644,binary;multiclass,0.9292803970223324,0.6287625418060201,0.7230769230769231,0.5538461538461539,0.9652116402116402,0.9044943820224719,0.8944444444444445,0.9055555555555556,0.9096254372518964,0.6645962732919255,0.6484848484848484,0.593939393939394,0.9553677588665248,0.8575305291723202,0.8337730870712401,0.8021108179419525,0.8600559776089564,0.3670886075949367,0.35365853658536583,0.3048780487804878,6.385935599999357,42,287148bfd01ac67b5192268c6c69cc4cc230c004bdfdf332285f38a3b43b08dd,c175815089a491399700d9c586c067665dd8b48251196512f77a0b7e2732d91c,34060e20ca6ca6de13d114a5b1b14cf4e1fd9ffccc3f7ec4453bb00d8b5646f1,c0f817fcb6908b616a01de11f161dd3888612aa22ceb7d95cb9064e69e302959,outputs/electrode_coverage_v1/9dd890a3b933b877aaad4b8cfef1d5c589c46d48e39edb8f936cc75617d345c7/predictions/0-1-2-3-4-5-7-9-10.npz,9dd890a3b933b877aaad4b8cfef1d5c589c46d48e39edb8f936cc75617d345c7,new_inference,6,LA;LL;RA;V2;V4;V5,7,0.3048780487804878,0.6516209540543474,1
P1_a07,10,0;1;2;3;4;5;7;9;10;11,I;II;III;aVR;aVL;aVF;V2;V4;V5;V6,936,0.9148679467372912,0.6869565217391305,0.7870239774330042,0.6848951450452312,0.6916983249855377,binary;multiclass,0.931714067570147,0.6354515050167224,0.7307692307692307,0.5769230769230769,0.9654541446208112,0.9019607843137255,0.8944444444444445,0.9055555555555556,0.9097905121251424,0.6604938271604939,0.6484848484848484,0.5818181818181818,0.9549224786004937,0.8571428571428571,0.8311345646437994,0.7994722955145118,0.8607842577254813,0.36942675159235666,0.35365853658536583,0.34146341463414637,6.38594269999885,42,287148bfd01ac67b5192268c6c69cc4cc230c004bdfdf332285f38a3b43b08dd,c175815089a491399700d9c586c067665dd8b48251196512f77a0b7e2732d91c,34060e20ca6ca6de13d114a5b1b14cf4e1fd9ffccc3f7ec4453bb00d8b5646f1,8e165d003351523717417a5e3824b395f6e64f1af26da4e706648bf442357f57,outputs/electrode_coverage_v1/9dd890a3b933b877aaad4b8cfef1d5c589c46d48e39edb8f936cc75617d345c7/predictions/0-1-2-3-4-5-7-9-10-11.npz,9dd890a3b933b877aaad4b8cfef1d5c589c46d48e39edb8f936cc75617d345c7,new_inference,7,LA;LL;RA;V2;V4;V5;V6,8,0.34146341463414637,0.6570773618805988,1
P1_a07,9,0;1;2;3;4;5;7;9;11,I;II;III;aVR;aVL;aVF;V2;V4;V6,936,0.9146227224797078,0.6927536231884058,0.7844228094575799,0.68281354778859,0.6890339703699636,binary;multiclass,0.9311987020423745,0.6287625418060201,0.7230769230769231,0.5923076923076923,0.9663433274544385,0.896358543417367,0.8888888888888888,0.9111111111111111,0.9088079235939158,0.6728395061728395,0.6606060606060606,0.5818181818181818,0.9556046100718607,0.8548168249660787,0.8311345646437994,0.8021108179419525,0.8635831381733021,0.36129032258064514,0.34146341463414637,0.3048780487804878,6.385905300001468,42,287148bfd01ac67b5192268c6c69cc4cc230c004bdfdf332285f38a3b43b08dd,c175815089a491399700d9c586c067665dd8b48251196512f77a0b7e2732d91c,34060e20ca6ca6de13d114a5b1b14cf4e1fd9ffccc3f7ec4453bb00d8b5646f1,f7bc5b661569ca7a4bdf8112b560d2b2e01089686a7089baa3c45a96429deb15,outputs/electrode_coverage_v1/9dd890a3b933b877aaad4b8cfef1d5c589c46d48e39edb8f936cc75617d345c7/predictions/0-1-2-3-4-5-7-9-11.npz,9dd890a3b933b877aaad4b8cfef1d5c589c46d48e39edb8f936cc75617d345c7,new_inference,6,LA;LL;RA;V2;V4;V6,7,0.3048780487804878,0.6499795399129333,1
P1_a07,8,0;1;2;3;4;5;7;10,I;II;III;aVR;aVL;aVF;V2;V5,936,0.9161382083915741,0.6753623188405797,0.7832167832167832,0.6930750518737046,0.7004239417045903,binary;multiclass,0.9314754724184005,0.6466666666666666,0.7461538461538462,0.5923076923076923,0.9664682539682539,0.896358543417367,0.8888888888888888,0.9055555555555556,0.9090280234249106,0.6809815950920245,0.6727272727272727,0.593939393939394,0.9557088246022085,0.8567530695770805,0.8284960422163589,0.8021108179419525,0.8640400982464158,0.38461538461538464,0.36585365853658536,0.35365853658536583,6.379328600000008,42,287148bfd01ac67b5192268c6c69cc4cc230c004bdfdf332285f38a3b43b08dd,c175815089a491399700d9c586c067665dd8b48251196512f77a0b7e2732d91c,34060e20ca6ca6de13d114a5b1b14cf4e1fd9ffccc3f7ec4453bb00d8b5646f1,5b1475a770e3855cc35186f72dc82805b295cddc210ff7b89fab62ede4040a44,outputs/electrode_coverage_v1/9dd890a3b933b877aaad4b8cfef1d5c589c46d48e39edb8f936cc75617d345c7/predictions/0-1-2-3-4-5-7-10.npz,9dd890a3b933b877aaad4b8cfef1d5c589c46d48e39edb8f936cc75617d345c7,new_inference,5,LA;LL;RA;V2;V5,6,0.35365853658536583,0.6638160760055669,1
P1_a07,9,0;1;2;3;4;5;7;10;11,I;II;III;aVR;aVL;aVF;V2;V5;V6,936,0.9151082665097231,0.6811594202898551,0.791023842917251,0.6967590428736574,0.7044162095992973,binary;multiclass,0.9326493605649933,0.6511627906976745,0.7538461538461538,0.5769230769230769,0.9665564373897708,0.898876404494382,0.8888888888888888,0.9055555555555556,0.9074480210666983,0.6707692307692308,0.6606060606060606,0.593939393939394,0.9554009180352718,0.8579234972677595,0.8284960422163589,0.7941952506596306,0.8642257382761181,0.4050632911392405,0.3902439024390244,0.3780487804878049,6.394065799999225,42,287148bfd01ac67b5192268c6c69cc4cc230c004bdfdf332285f38a3b43b08dd,c175815089a491399700d9c586c067665dd8b48251196512f77a0b7e2732d91c,34060e20ca6ca6de13d114a5b1b14cf4e1fd9ffccc3f7ec4453bb00d8b5646f1,161dd73fb1050479dcb1a153d2439070f3770a33a46ffbad03cb59b77f7c63b4,outputs/electrode_coverage_v1/9dd890a3b933b877aaad4b8cfef1d5c589c46d48e39edb8f936cc75617d345c7/predictions/0-1-2-3-4-5-7-10-11.npz,9dd890a3b933b877aaad4b8cfef1d5c589c46d48e39edb8f936cc75617d345c7,new_inference,6,LA;LL;RA;V2;V5;V6,7,0.3780487804878049,0.6679347451605963,1
P1_a07,8,0;1;2;3;4;5;7;11,I;II;III;aVR;aVL;aVF;V2;V6,936,0.9162166801540008,0.6927536231884058,0.791023842917251,0.6873871060057211,0.6963552858179282,binary;multiclass,0.9338709677419356,0.6449511400651465,0.7615384615384615,0.6153846153846154,0.9683127572016461,0.896358543417367,0.8888888888888888,0.9111111111111111,0.9065204574932203,0.6748466257668712,0.6666666666666666,0.6060606060606061,0.9559456758075442,0.8571428571428571,0.8232189973614775,0.8021108179419525,0.8658393785343006,0.36363636363636365,0.34146341463414637,0.3048780487804878,6.382505599998694,42,287148bfd01ac67b5192268c6c69cc4cc230c004bdfdf332285f38a3b43b08dd,c175815089a491399700d9c586c067665dd8b48251196512f77a0b7e2732d91c,34060e20ca6ca6de13d114a5b1b14cf4e1fd9ffccc3f7ec4453bb00d8b5646f1,961cc0b564a6a309fdfa15af4ae6252fc05c22d7e924fc5c1c4bd569b496ce07,outputs/electrode_coverage_v1/9dd890a3b933b877aaad4b8cfef1d5c589c46d48e39edb8f936cc75617d345c7/predictions/0-1-2-3-4-5-7-11.npz,9dd890a3b933b877aaad4b8cfef1d5c589c46d48e39edb8f936cc75617d345c7,new_inference,5,LA;LL;RA;V2;V6,6,0.3048780487804878,0.6560401459735393,1
P1_a07,7,0;1;2;3;4;5;8,I;II;III;aVR;aVL;aVF;V3,936,0.9132887025184531,0.6753623188405797,0.7921348314606742,0.6856368718917893,0.6925136217651824,binary;multiclass,0.9283069288032068,0.6266666666666667,0.7230769230769231,0.5846153846153846,0.9653071722516167,0.8888888888888888,0.8888888888888888,0.9,0.9076209566481939,0.676829268292683,0.6727272727272727,0.5878787878787879,0.9537050634050677,0.8649386084583902,0.8364116094986808,0.7941952506596306,0.8607414177186268,0.3708609271523179,0.34146341463414637,0.34146341463414637,6.614185499998712,42,287148bfd01ac67b5192268c6c69cc4cc230c004bdfdf332285f38a3b43b08dd,c175815089a491399700d9c586c067665dd8b48251196512f77a0b7e2732d91c,34060e20ca6ca6de13d114a5b1b14cf4e1fd9ffccc3f7ec4453bb00d8b5646f1,ec1e3d97937c542d27209ed981ff57b6510d6adb06d0ca1e64663542cabf5190,outputs/electrode_coverage_v1/9dd890a3b933b877aaad4b8cfef1d5c589c46d48e39edb8f936cc75617d345c7/predictions/0-1-2-3-4-5-8.npz,9dd890a3b933b877aaad4b8cfef1d5c589c46d48e39edb8f936cc75617d345c7,new_inference,4,LA;LL;RA;V3,5,0.34146341463414637,0.6558843632931411,1
P1_a07,8,0;1;2;3;4;5;8;9,I;II;III;aVR;aVL;aVF;V3;V4,936,0.9145344417469776,0.6811594202898551,0.7888111888111888,0.6905889161172735,0.696597059617846,binary;multiclass,0.927801107081504,0.6195286195286195,0.7076923076923077,0.5538461538461539,0.9643371546149324,0.898876404494382,0.8888888888888888,0.9055555555555556,0.9094682230869002,0.6790123456790124,0.6666666666666666,0.6060606060606061,0.9540934993818183,0.8680272108843538,0.841688654353562,0.8126649076517151,0.8599131775861084,0.3875,0.3780487804878049,0.32926829268292684,6.390327300001445,42,287148bfd01ac67b5192268c6c69cc4cc230c004bdfdf332285f38a3b43b08dd,c175815089a491399700d9c586c067665dd8b48251196512f77a0b7e2732d91c,34060e20ca6ca6de13d114a5b1b14cf4e1fd9ffccc3f7ec4453bb00d8b5646f1,70b2f8b4a201ef76c42dd611da45685aca5e6beab5d380e8ea7d71890d56ed8f,outputs/electrode_coverage_v1/9dd890a3b933b877aaad4b8cfef1d5c589c46d48e39edb8f936cc75617d345c7/predictions/0-1-2-3-4-5-8-9.npz,9dd890a3b933b877aaad4b8cfef1d5c589c46d48e39edb8f936cc75617d345c7,new_inference,5,LA;LL;RA;V3;V4,6,0.32926829268292684,0.6633873404877009,1
P1_a07,9,0;1;2;3;4;5;8;9;10,I;II;III;aVR;aVL;aVF;V3;V4;V5,936,0.9148875646778979,0.6811594202898551,0.7819971870604782,0.6889310063472256,0.6968879321263645,binary;multiclass,0.9282305783546478,0.631578947368421,0.7384615384615385,0.5538461538461539,0.965057319223986,0.9044943820224719,0.8944444444444445,0.9055555555555556,0.9092324018394058,0.6728971962616822,0.6545454545454545,0.593939393939394,0.9543208765389407,0.863013698630137,0.8311345646437994,0.7994722955145118,0.8601130976180956,0.37267080745341613,0.36585365853658536,0.34146341463414637,6.394938100002037,42,287148bfd01ac67b5192268c6c69cc4cc230c004bdfdf332285f38a3b43b08dd,c175815089a491399700d9c586c067665dd8b48251196512f77a0b7e2732d91c,34060e20ca6ca6de13d114a5b1b14cf4e1fd9ffccc3f7ec4453bb00d8b5646f1,3daeee49e78812a8c33451a0e64b9767c6b460ce41377a94623e850bc840f415,outputs/electrode_coverage_v1/9dd890a3b933b877aaad4b8cfef1d5c589c46d48e39edb8f936cc75617d345c7/predictions/0-1-2-3-4-5-8-9-10.npz,9dd890a3b933b877aaad4b8cfef1d5c589c46d48e39edb8f936cc75617d345c7,new_inference,6,LA;LL;RA;V3;V4;V5,7,0.34146341463414637,0.6601076649109019,1
P1_a07,10,0;1;2;3;4;5;8;9;10;11,I;II;III;aVR;aVL;aVF;V3;V4;V5;V6,936,0.913901763162412,0.6753623188405797,0.7824858757062146,0.6926921596165319,0.6991164082572796,binary;multiclass,0.9299007444168734,0.6418918918918919,0.7307692307692307,0.5846153846153846,0.9657039976484421,0.9014084507042254,0.8888888888888888,0.9055555555555556,0.9081397633926817,0.6666666666666666,0.6545454545454545,0.5818181818181818,0.9540271810443243,0.8559782608695652,0.8311345646437994,0.7915567282321899,0.8607414177186268,0.39751552795031053,0.3902439024390244,0.2926829268292683,6.400435700001253,42,287148bfd01ac67b5192268c6c69cc4cc230c004bdfdf332285f38a3b43b08dd,c175815089a491399700d9c586c067665dd8b48251196512f77a0b7e2732d91c,34060e20ca6ca6de13d114a5b1b14cf4e1fd9ffccc3f7ec4453bb00d8b5646f1,70dad64f70acc561d7a5f65a66a241dfbd020cdd244ffd4f009d8fc4a4c274b8,outputs/electrode_coverage_v1/9dd890a3b933b877aaad4b8cfef1d5c589c46d48e39edb8f936cc75617d345c7/predictions/0-1-2-3-4-5-8-9-10-11.npz,9dd890a3b933b877aaad4b8cfef1d5c589c46d48e39edb8f936cc75617d345c7,new_inference,7,LA;LL;RA;V3;V4;V5;V6,8,0.2926829268292683,0.6429033481087989,1
P1_a07,9,0;1;2;3;4;5;8;9;11,I;II;III;aVR;aVL;aVF;V3;V4;V6,936,0.9141911277863607,0.6753623188405797,0.786013986013986,0.6902528198214799,0.6974156366118526,binary;multiclass,0.929585798816568,0.6336633663366337,0.7384615384615385,0.5384615384615384,0.9662184009406231,0.9044943820224719,0.8944444444444445,0.9055555555555556,0.9078174743544394,0.6687306501547987,0.6545454545454545,0.5818181818181818,0.9543729838041146,0.8622100954979536,0.8337730870712401,0.7994722955145118,0.8619837779174044,0.3821656050955414,0.36585365853658536,0.3048780487804878,6.393462899999577,42,287148bfd01ac67b5192268c6c69cc4cc230c004bdfdf332285f38a3b43b08dd,c175815089a491399700d9c586c067665dd8b48251196512f77a0b7e2732d91c,34060e20ca6ca6de13d114a5b1b14cf4e1fd9ffccc3f7ec4453bb00d8b5646f1,2b3f6e9c68c4e3b0a3120e0912714addbb50bc76d8025988baa4293bdc8bba5b,outputs/electrode_coverage_v1/9dd890a3b933b877aaad4b8cfef1d5c589c46d48e39edb8f936cc75617d345c7/predictions/0-1-2-3-4-5-8-9-11.npz,9dd890a3b933b877aaad4b8cfef1d5c589c46d48e39edb8f936cc75617d345c7,new_inference,6,LA;LL;RA;V3;V4;V6,7,0.3048780487804878,0.6479310204171842,1
P1_a07,8,0;1;2;3;4;5;8;10,I;II;III;aVR;aVL;aVF;V3;V5,936,0.9158292258270188,0.6840579710144927,0.7893258426966292,0.6903793282706872,0.6980462173203018,binary;multiclass,0.9299961824775721,0.625,0.7307692307692307,0.5692307692307692,0.9659758965314522,0.896358543417367,0.8888888888888888,0.9055555555555556,0.9099948905396377,0.676923076923077,0.6666666666666666,0.593939393939394,0.9543066654666206,0.8587105624142661,0.8258575197889182,0.7889182058047494,0.8634403381504542,0.39490445859872614,0.3780487804878049,0.3170731707317073,6.379755699999805,42,287148bfd01ac67b5192268c6c69cc4cc230c004bdfdf332285f38a3b43b08dd,c175815089a491399700d9c586c067665dd8b48251196512f77a0b7e2732d91c,34060e20ca6ca6de13d114a5b1b14cf4e1fd9ffccc3f7ec4453bb00d8b5646f1,e76539da1000ed866faaba3b694517df9d4e37a80a29878e52ada81592488a56,outputs/electrode_coverage_v1/9dd890a3b933b877aaad4b8cfef1d5c589c46d48e39edb8f936cc75617d345c7/predictions/0-1-2-3-4-5-8-10.npz,9dd890a3b933b877aaad4b8cfef1d5c589c46d48e39edb8f936cc75617d345c7,new_inference,5,LA;LL;RA;V3;V5,6,0.3170731707317073,0.6513715815078516,1
P1_a07,9,0;1;2;3;4;5;8;10;11,I;II;III;aVR;aVL;aVF;V3;V5;V6,936,0.9146521493906177,0.6840579710144927,0.7865168539325843,0.6894679691925283,0.696134897415546,binary;multiclass,0.9311414392059553,0.6333333333333333,0.7307692307692307,0.5923076923076923,0.9659979423868312,0.9014084507042254,0.8888888888888888,0.9055555555555556,0.908289116849428,0.6748466257668712,0.6666666666666666,0.5818181818181818,0.9539466516345101,0.8555858310626703,0.8284960422163589,0.7757255936675461,0.8638401782144285,0.3821656050955414,0.36585365853658536,0.3170731707317073,6.393066500000714,42,287148bfd01ac67b5192268c6c69cc4cc230c004bdfdf332285f38a3b43b08dd,c175815089a491399700d9c586c067665dd8b48251196512f77a0b7e2732d91c,34060e20ca6ca6de13d114a5b1b14cf4e1fd9ffccc3f7ec4453bb00d8b5646f1,a6dfd8a209ca77c1a3b28477313a9a3f7945bd681c76bc69cd3465ee5fe366bd,outputs/electrode_coverage_v1/9dd890a3b933b877aaad4b8cfef1d5c589c46d48e39edb8f936cc75617d345c7/predictions/0-1-2-3-4-5-8-10-11.npz,9dd890a3b933b877aaad4b8cfef1d5c589c46d48e39edb8f936cc75617d345c7,new_inference,6,LA;LL;RA;V3;V5;V6,7,0.3170731707317073,0.6450431254432477,1
P1_a07,8,0;1;2;3;4;5;8;11,I;II;III;aVR;aVL;aVF;V3;V6,936,0.9148189018857744,0.6811594202898551,0.782608695652174,0.6907313099128138,0.6987696880991172,binary;multiclass,0.9312750524909333,0.6295081967213115,0.7384615384615385,0.5846153846153846,0.9672472075249853,0.9019607843137255,0.8944444444444445,0.9055555555555556,0.9072279212357034,0.6829268292682927,0.6787878787878788,0.5696969696969697,0.9545719388165966,0.8626373626373627,0.8284960422163589,0.7968337730870713,0.8652538984406237,0.37662337662337664,0.35365853658536583,0.3170731707317073,6.388090200000079,42,287148bfd01ac67b5192268c6c69cc4cc230c004bdfdf332285f38a3b43b08dd,c175815089a491399700d9c586c067665dd8b48251196512f77a0b7e2732d91c,34060e20ca6ca6de13d114a5b1b14cf4e1fd9ffccc3f7ec4453bb00d8b5646f1,c8b74b3e5732e769981e9d8c87a815955e55994fb57636935cdd00cf6581c3ec,outputs/electrode_coverage_v1/9dd890a3b933b877aaad4b8cfef1d5c589c46d48e39edb8f936cc75617d345c7/predictions/0-1-2-3-4-5-8-11.npz,9dd890a3b933b877aaad4b8cfef1d5c589c46d48e39edb8f936cc75617d345c7,new_inference,5,LA;LL;RA;V3;V6,6,0.3170731707317073,0.6472898672678259,1
P1_a07,7,0;1;2;3;4;5;9,I;II;III;aVR;aVL;aVF;V4,936,0.9145099193212194,0.6956521739130435,0.7838214783821479,0.6902185332267111,0.6976635188109542,binary;multiclass,0.9278583699179233,0.6305084745762712,0.7153846153846154,0.5923076923076923,0.9633524397413286,0.8895027624309392,0.8944444444444445,0.9055555555555556,0.9098848406241402,0.6790123456790124,0.6666666666666666,0.593939393939394,0.9523455374864402,0.8645690834473324,0.8337730870712401,0.8153034300791556,0.8574284571885531,0.3875,0.3780487804878049,0.3170731707317073,6.6493797000002814,42,287148bfd01ac67b5192268c6c69cc4cc230c004bdfdf332285f38a3b43b08dd,c175815089a491399700d9c586c067665dd8b48251196512f77a0b7e2732d91c,34060e20ca6ca6de13d114a5b1b14cf4e1fd9ffccc3f7ec4453bb00d8b5646f1,9341c505291722389eca3d5dc1594229b9005c3e1d5da9a0e62c5f3f43fb74af,outputs/electrode_coverage_v1/9dd890a3b933b877aaad4b8cfef1d5c589c46d48e39edb8f936cc75617d345c7/predictions/0-1-2-3-4-5-9.npz,9dd890a3b933b877aaad4b8cfef1d5c589c46d48e39edb8f936cc75617d345c7,new_inference,4,LA;LL;RA;V4,5,0.3170731707317073,0.6579678875764531,1
P1_a07,8,0;1;2;3;4;5;9;10,I;II;III;aVR;aVL;aVF;V4;V5,936,0.9152701145197283,0.6898550724637681,0.7859154929577464,0.6916509310396539,0.6983627175035888,binary;multiclass,0.9275147928994083,0.6326530612244898,0.7153846153846154,0.5692307692307692,0.9641828336272781,0.8969359331476323,0.8944444444444445,0.9055555555555556,0.9107259364068703,0.6728395061728395,0.6606060606060606,0.5818181818181818,0.9525350184507088,0.8583106267029973,0.8311345646437994,0.8047493403693932,0.8570571771291483,0.39751552795031053,0.3902439024390244,0.3780487804878049,6.388647400000991,42,287148bfd01ac67b5192268c6c69cc4cc230c004bdfdf332285f38a3b43b08dd,c175815089a491399700d9c586c067665dd8b48251196512f77a0b7e2732d91c,34060e20ca6ca6de13d114a5b1b14cf4e1fd9ffccc3f7ec4453bb00d8b5646f1,cae74b5e1ce0d8d39541be19dd1e7d9a874cdb779a55563645d80b14c9143b61,outputs/electrode_coverage_v1/9dd890a3b933b877aaad4b8cfef1d5c589c46d48e39edb8f936cc75617d345c7/predictions/0-1-2-3-4-5-9-10.npz,9dd890a3b933b877aaad4b8cfef1d5c589c46d48e39edb8f936cc75617d345c7,new_inference,5,LA;LL;RA;V4;V5,6,0.3780487804878049,0.6675429645577339,1
P1_a07,9,0;1;2;3;4;5;9;10;11,I;II;III;aVR;aVL;aVF;V4;V5;V6,936,0.913931190073322,0.6840579710144927,0.7780898876404494,0.6848091182401836,0.6918996891446856,binary;multiclass,0.9291945027677038,0.6372881355932203,0.7230769230769231,0.5846153846153846,0.963668430335097,0.8919667590027701,0.8944444444444445,0.9055555555555556,0.9106394686161224,0.6666666666666666,0.6545454545454545,0.5818181818181818,0.9528145028730051,0.8610354223433242,0.8337730870712401,0.8021108179419525,0.857157137145142,0.3670886075949367,0.35365853658536583,0.2926829268292683,6.396243900002446,42,287148bfd01ac67b5192268c6c69cc4cc230c004bdfdf332285f38a3b43b08dd,c175815089a491399700d9c586c067665dd8b48251196512f77a0b7e2732d91c,34060e20ca6ca6de13d114a5b1b14cf4e1fd9ffccc3f7ec4453bb00d8b5646f1,c581e119894c103e0e2f49737a71b3b0ef0dfee947d953a788dba27cd52d6b51,outputs/electrode_coverage_v1/9dd890a3b933b877aaad4b8cfef1d5c589c46d48e39edb8f936cc75617d345c7/predictions/0-1-2-3-4-5-9-10-11.npz,9dd890a3b933b877aaad4b8cfef1d5c589c46d48e39edb8f936cc75617d345c7,new_inference,6,LA;LL;RA;V4;V5;V6,7,0.2926829268292683,0.6455418705362396,1
P1_a07,8,0;1;2;3;4;5;9;11,I;II;III;aVR;aVL;aVF;V4;V6,936,0.9147796660045613,0.6869565217391305,0.7832167832167832,0.6838459944255413,0.6903612276062241,binary;multiclass,0.9289559076159573,0.6348122866894198,0.7153846153846154,0.5923076923076923,0.9648736037624926,0.8919667590027701,0.8944444444444445,0.9055555555555556,0.9097826514168927,0.6666666666666666,0.6545454545454545,0.5757575757575758,0.953799803887202,0.8586956521739131,0.8337730870712401,0.7968337730870713,0.8604700976752157,0.3670886075949367,0.35365853658536583,0.2926829268292683,6.384516800000711,42,287148bfd01ac67b5192268c6c69cc4cc230c004bdfdf332285f38a3b43b08dd,c175815089a491399700d9c586c067665dd8b48251196512f77a0b7e2732d91c,34060e20ca6ca6de13d114a5b1b14cf4e1fd9ffccc3f7ec4453bb00d8b5646f1,b51a34e0c44344997d9d785fe5f29a6fdd6b0fccc6e2e4ea4e076de6fbbe527f,outputs/electrode_coverage_v1/9dd890a3b933b877aaad4b8cfef1d5c589c46d48e39edb8f936cc75617d345c7/predictions/0-1-2-3-4-5-9-11.npz,9dd890a3b933b877aaad4b8cfef1d5c589c46d48e39edb8f936cc75617d345c7,new_inference,5,LA;LL;RA;V4;V6,6,0.2926829268292683,0.6427074578073677,1
P1_a07,7,0;1;2;3;4;5;10,I;II;III;aVR;aVL;aVF;V5,936,0.9153289683415483,0.6985507246376812,0.7794729542302358,0.6900089405857696,0.6979526712070634,binary;multiclass,0.9281255964878793,0.6323024054982818,0.7076923076923077,0.5538461538461539,0.964917695473251,0.8913649025069638,0.8888888888888888,0.9111111111111111,0.9078803600204377,0.6687116564417178,0.6606060606060606,0.5878787878787879,0.9511423333633344,0.850480109739369,0.8179419525065963,0.7994722955145118,0.869452219112355,0.40718562874251496,0.4146341463414634,0.3902439024390244,6.616843400001017,42,287148bfd01ac67b5192268c6c69cc4cc230c004bdfdf332285f38a3b43b08dd,c175815089a491399700d9c586c067665dd8b48251196512f77a0b7e2732d91c,34060e20ca6ca6de13d114a5b1b14cf4e1fd9ffccc3f7ec4453bb00d8b5646f1,9925266a3012ad83b927c166cd1fa48ab705ace95a06cbfc9bcd5922b8d24bfc,outputs/electrode_coverage_v1/9dd890a3b933b877aaad4b8cfef1d5c589c46d48e39edb8f936cc75617d345c7/predictions/0-1-2-3-4-5-10.npz,9dd890a3b933b877aaad4b8cfef1d5c589c46d48e39edb8f936cc75617d345c7,new_inference,4,LA;LL;RA;V5,5,0.3902439024390244,0.6721765242358587,1
P1_a07,8,0;1;2;3;4;5;10;11,I;II;III;aVR;aVL;aVF;V5;V6,936,0.9140390887466587,0.7043478260869566,0.7838214783821479,0.6744517327813837,0.6810789985125527,binary;multiclass,0.9291945027677038,0.6301369863013698,0.7076923076923077,0.5692307692307692,0.9646090534979425,0.8888888888888888,0.8888888888888888,0.9055555555555556,0.9069920999882088,0.6606060606060606,0.6606060606060606,0.6060606060606061,0.9511991776526151,0.8571428571428571,0.8311345646437994,0.7968337730870713,0.8675672588107614,0.33548387096774196,0.3170731707317073,0.36585365853658536,6.385851600000024,42,287148bfd01ac67b5192268c6c69cc4cc230c004bdfdf332285f38a3b43b08dd,c175815089a491399700d9c586c067665dd8b48251196512f77a0b7e2732d91c,34060e20ca6ca6de13d114a5b1b14cf4e1fd9ffccc3f7ec4453bb00d8b5646f1,92b049a138b4981e53bc06939077570af5ecc8cb8ba43f0b446848839d19aa38,outputs/electrode_coverage_v1/9dd890a3b933b877aaad4b8cfef1d5c589c46d48e39edb8f936cc75617d345c7/predictions/0-1-2-3-4-5-10-11.npz,9dd890a3b933b877aaad4b8cfef1d5c589c46d48e39edb8f936cc75617d345c7,new_inference,5,LA;LL;RA;V5;V6,6,0.36585365853658536,0.6685758983099546,1
P1_a07,7,0;1;2;3;4;5;11,I;II;III;aVR;aVL;aVF;V6,936,0.9155545746585252,0.6869565217391305,0.7926657263751763,0.6871081179212839,0.6941918414368379,binary;multiclass,0.930005726283642,0.6339869281045751,0.7461538461538462,0.5538461538461539,0.967173721340388,0.8938547486033519,0.8888888888888888,0.9,0.9029281138230555,0.66875,0.6484848484848484,0.6,0.9503133541446592,0.8598639455782313,0.8337730870712401,0.8126649076517151,0.8730793396926944,0.3790849673202614,0.35365853658536583,0.32926829268292684,6.619839399998455,42,287148bfd01ac67b5192268c6c69cc4cc230c004bdfdf332285f38a3b43b08dd,c175815089a491399700d9c586c067665dd8b48251196512f77a0b7e2732d91c,34060e20ca6ca6de13d114a5b1b14cf4e1fd9ffccc3f7ec4453bb00d8b5646f1,ded77f6aef0ac90cd17efb0db91cbca44ed82c57428fa1f585e9a7e9b02efc34,outputs/electrode_coverage_v1/9dd890a3b933b877aaad4b8cfef1d5c589c46d48e39edb8f936cc75617d345c7/predictions/0-1-2-3-4-5-11.npz,9dd890a3b933b877aaad4b8cfef1d5c589c46d48e39edb8f936cc75617d345c7,new_inference,4,LA;LL;RA;V6,5,0.32926829268292684,0.6604833000836604,1
P1_a07,1,1,II,936,0.9112337232399028,0.6550724637681159,0.7867036011080333,0.6892795238273285,0.6995193410889402,binary;multiclass,0.931160526818095,0.6600660066006601,0.7692307692307693,0.6384615384615384,0.9657995296884185,0.8919667590027701,0.8944444444444445,0.9055555555555556,0.8897142632551194,0.6504559270516718,0.6484848484848484,0.5878787878787879,0.943818894094352,0.8464730290456431,0.8073878627968337,0.7941952506596306,0.8526732164277147,0.3974358974358974,0.3780487804878049,0.34146341463414637,6.779939199999717,42,287148bfd01ac67b5192268c6c69cc4cc230c004bdfdf332285f38a3b43b08dd,c175815089a491399700d9c586c067665dd8b48251196512f77a0b7e2732d91c,34060e20ca6ca6de13d114a5b1b14cf4e1fd9ffccc3f7ec4453bb00d8b5646f1,a3283c83ebeea113ea1dc0eb94e4078e6f049c1638919bdcb8a8f18de798d57d,outputs/exhaustive_lead_subsets/34060e20ca6ca6de13d114a5b1b14cf4e1fd9ffccc3f7ec4453bb00d8b5646f1/P1_a07_1.npz,9dd890a3b933b877aaad4b8cfef1d5c589c46d48e39edb8f936cc75617d345c7,prior_exhaustive,2,LL;RA,3,0.34146341463414637,0.65727325218203,1
P1_a07,1,2,III,936,0.8579121606709336,0.5710144927536231,0.7242921013412816,0.6182297514863323,0.6261555837673992,binary;multiclass,0.8734395877075778,0.5131578947368421,0.6,0.3230769230769231,0.9562830687830687,0.9106145251396648,0.9055555555555556,0.9055555555555556,0.8034822937546673,0.474025974025974,0.44242424242424244,0.3151515151515151,0.928740946362676,0.8390646492434664,0.8047493403693932,0.7255936675461742,0.8471754155480664,0.35428571428571426,0.3780487804878049,0.34146341463414637,6.792247800000041,42,287148bfd01ac67b5192268c6c69cc4cc230c004bdfdf332285f38a3b43b08dd,c175815089a491399700d9c586c067665dd8b48251196512f77a0b7e2732d91c,34060e20ca6ca6de13d114a5b1b14cf4e1fd9ffccc3f7ec4453bb00d8b5646f1,dc94a8f2f00706e7186cc5de163a17420b91aaef5642ac9a7254bfe23688c93a,outputs/exhaustive_lead_subsets/34060e20ca6ca6de13d114a5b1b14cf4e1fd9ffccc3f7ec4453bb00d8b5646f1/P1_a07_2.npz,9dd890a3b933b877aaad4b8cfef1d5c589c46d48e39edb8f936cc75617d345c7,prior_exhaustive,2,LA;LL,3,0.3151515151515151,0.5719410382218477,1
