lead_indices,lead_names,metric,n,mean,std,min,max,paired_mean_delta_vs12,fraction_strictly_better_vs12
0;1;2;3;4;5;6;7;8;9;10;11,I;II;III;aVR;aVL;aVF;V1;V2;V3;V4;V5;V6,macro_f1,10,0.6900944854458234,0.003987168861270011,0.6834283830140067,0.6968634474766661,0.0,0.0
0;1;2;3;4;5;6;7;8;9;10;11,I;II;III;aVR;aVL;aVF;V1;V2;V3;V4;V5;V6,macro_sensitivity,10,0.6965635086252886,0.004098408994089706,0.690516073725418,0.7039085349227572,0.0,0.0
0;1;2;3;4;5;6;7;8;9;10;11,I;II;III;aVR;aVL;aVF;V1;V2;V3;V4;V5;V6,auroc_af,10,0.9670730452674897,0.0007263126223021991,0.9660126396237507,0.9683862433862435,0.0,0.0
0;1;2;3;4;5;6;7;8;9;10;11,I;II;III;aVR;aVL;aVF;V1;V2;V3;V4;V5;V6,f1_af,10,0.9024731655263324,0.0026093792762094587,0.8994413407821229,0.9044943820224719,0.0,0.0
0;1;2;3;4;5;6;7;8;9;10;11,I;II;III;aVR;aVL;aVF;V1;V2;V3;V4;V5;V6,sensitivity_af,10,0.8944444444444445,0.0,0.8944444444444445,0.8944444444444445,0.0,0.0
0;1;2;3;4;5;6;7;8;9;10;11,I;II;III;aVR;aVL;aVF;V1;V2;V3;V4;V5;V6,sens95_af,10,0.9066666666666666,0.0023424278964210136,0.9055555555555556,0.9111111111111111,0.0,0.0
0;1;2;3;4;5;6;7;8;9;10;11,I;II;III;aVR;aVL;aVF;V1;V2;V3;V4;V5;V6,auroc_ischemia,10,0.9069331446763353,0.0009479987353013808,0.9055771725032425,0.9083677239319262,0.0,0.0
0;1;2;3;4;5;6;7;8;9;10;11,I;II;III;aVR;aVL;aVF;V1;V2;V3;V4;V5;V6,f1_ischemia,10,0.671584790065326,0.0069207831111861235,0.6625,0.6811145510835913,0.0,0.0
0;1;2;3;4;5;6;7;8;9;10;11,I;II;III;aVR;aVL;aVF;V1;V2;V3;V4;V5;V6,sensitivity_ischemia,10,0.6581818181818182,0.011138625254214307,0.6424242424242425,0.6727272727272727,0.0,0.0
0;1;2;3;4;5;6;7;8;9;10;11,I;II;III;aVR;aVL;aVF;V1;V2;V3;V4;V5;V6,sens95_ischemia,10,0.5969696969696969,0.009999489834961253,0.5757575757575758,0.6121212121212121,0.0,0.0
0;1;2;3;4;5;6;7;8;9;10;11,I;II;III;aVR;aVL;aVF;V1;V2;V3;V4;V5;V6,auroc_conduction,10,0.9571261422149376,0.00045996479683697817,0.9564809595316031,0.9580773366555662,0.0,0.0
0;1;2;3;4;5;6;7;8;9;10;11,I;II;III;aVR;aVL;aVF;V1;V2;V3;V4;V5;V6,f1_conduction,10,0.8697905079258492,0.0013244860077170648,0.8672086720867209,0.8715846994535519,0.0,0.0
0;1;2;3;4;5;6;7;8;9;10;11,I;II;III;aVR;aVL;aVF;V1;V2;V3;V4;V5;V6,sensitivity_conduction,10,0.8424802110817943,0.0037417849404015355,0.8390501319261213,0.8496042216358839,0.0,0.0
0;1;2;3;4;5;6;7;8;9;10;11,I;II;III;aVR;aVL;aVF;V1;V2;V3;V4;V5;V6,sens95_conduction,10,0.8232189973614774,0.006093406534982853,0.8179419525065963,0.8337730870712401,0.0,0.0
0;1;2;3;4;5;6;7;8;9;10;11,I;II;III;aVR;aVL;aVF;V1;V2;V3;V4;V5;V6,auroc_ectopy,10,0.8623107899697265,0.0019559427550078718,0.8582424173187868,0.8644827783172445,0.0,0.0
0;1;2;3;4;5;6;7;8;9;10;11,I;II;III;aVR;aVL;aVF;V1;V2;V3;V4;V5;V6,f1_ectopy,10,0.3834543972309408,0.014567429356156814,0.36363636363636365,0.40764331210191085,0.0,0.0
0;1;2;3;4;5;6;7;8;9;10;11,I;II;III;aVR;aVL;aVF;V1;V2;V3;V4;V5;V6,sensitivity_ectopy,10,0.3646341463414634,0.01767241066608468,0.34146341463414637,0.3902439024390244,0.0,0.0
0;1;2;3;4;5;6;7;8;9;10;11,I;II;III;aVR;aVL;aVF;V1;V2;V3;V4;V5;V6,sens95_ectopy,10,0.3182926829268292,0.019452822949602294,0.2926829268292683,0.34146341463414637,0.0,0.0
0;2;3;4;5;10,I;III;aVR;aVL;aVF;V5,macro_f1,10,0.6890777089250186,0.006619628801010582,0.6797277519792986,0.7006634378266167,-0.0010167765208047741,0.3
0;2;3;4;5;10,I;III;aVR;aVL;aVF;V5,macro_sensitivity,10,0.6974705444500798,0.006670694506045632,0.6891626787810583,0.7098943130933606,0.000907035824791158,0.5
0;2;3;4;5;10,I;III;aVR;aVL;aVF;V5,auroc_af,10,0.9652645502645502,0.0007150876646875857,0.9637860082304527,0.9663653733098176,-0.001808495002939492,0.0
0;2;3;4;5;10,I;III;aVR;aVL;aVF;V5,f1_af,10,0.8899406903197455,0.0030248976875808524,0.8864265927977839,0.8944444444444445,-0.012532475206586745,0.0
0;2;3;4;5;10,I;III;aVR;aVL;aVF;V5,sensitivity_af,10,0.8916666666666666,0.0029280348705263254,0.8888888888888888,0.8944444444444445,-0.0027777777777778234,0.0
0;2;3;4;5;10,I;III;aVR;aVL;aVF;V5,sens95_af,10,0.9083333333333332,0.0029280348705262665,0.9055555555555556,0.9111111111111111,0.0016666666666666607,0.3
0;2;3;4;5;10,I;III;aVR;aVL;aVF;V5,auroc_ischemia,10,0.9061250638682544,0.0007969830434048109,0.904885430177259,0.9071493141532052,-0.0008080808080808355,0.2
0;2;3;4;5;10,I;III;aVR;aVL;aVF;V5,f1_ischemia,10,0.6703547321769412,0.0057536842889222084,0.662613981762918,0.6829268292682927,-0.001230057888384839,0.4
0;2;3;4;5;10,I;III;aVR;aVL;aVF;V5,sensitivity_ischemia,10,0.6587878787878788,0.009917525421118052,0.6424242424242425,0.6787878787878788,0.000606060606060621,0.5
0;2;3;4;5;10,I;III;aVR;aVL;aVF;V5,sens95_ischemia,10,0.6048484848484847,0.010221503548018995,0.593939393939394,0.6242424242424243,0.007878787878787874,0.5
0;2;3;4;5;10,I;III;aVR;aVL;aVF;V5,auroc_conduction,10,0.9502494043192187,0.0005785518625542332,0.9491812053831542,0.9511139112186943,-0.006876737895719132,0.0
0;2;3;4;5;10,I;III;aVR;aVL;aVF;V5,f1_conduction,10,0.8486615305712248,0.004682533413641175,0.8406593406593407,0.8543956043956044,-0.021128977354624313,0.0
0;2;3;4;5;10,I;III;aVR;aVL;aVF;V5,sensitivity_conduction,10,0.8153034300791557,0.006342218602399279,0.8047493403693932,0.8232189973614775,-0.027176781002638505,0.0
0;2;3;4;5;10,I;III;aVR;aVL;aVF;V5,sens95_conduction,10,0.7920844327176781,0.005247646047555436,0.783641160949868,0.7994722955145118,-0.03113456464379949,0.0
0;2;3;4;5;10,I;III;aVR;aVL;aVF;V5,auroc_ectopy,10,0.8677457588393214,0.0027803966734611264,0.8618552578968411,0.8713371794139486,0.005434968869594969,1.0
0;2;3;4;5;10,I;III;aVR;aVL;aVF;V5,f1_ectopy,10,0.40049000071244045,0.02192676202789456,0.36809815950920244,0.44171779141104295,0.01703560348149959,0.8
0;2;3;4;5;10,I;III;aVR;aVL;aVF;V5,sensitivity_ectopy,10,0.39390243902439026,0.02230222231600846,0.36585365853658536,0.43902439024390244,0.029268292682926834,0.8
0;2;3;4;5;10,I;III;aVR;aVL;aVF;V5,sens95_ectopy,10,0.35365853658536583,0.025058593508003966,0.3048780487804878,0.3902439024390244,0.03536585365853659,0.8
0;2;3;5,I;III;aVR;aVF,macro_f1,10,0.691758808487754,0.0054748584352645275,0.6842708490580792,0.7028680644302753,0.0016643230419305266,0.5
0;2;3;5,I;III;aVR;aVF,macro_sensitivity,10,0.6990256551765658,0.005381783520933711,0.691040702509909,0.7092083362647749,0.002462146551277122,0.7
0;2;3;5,I;III;aVR;aVF,auroc_af,10,0.965545267489712,0.0007423050445847098,0.9644988242210464,0.9666813639035862,-0.0015277777777777835,0.1
0;2;3;5,I;III;aVR;aVF,f1_af,10,0.8831962167809783,0.002914249454619908,0.8784530386740331,0.8870523415977961,-0.01927694874535397,0.0
0;2;3;5,I;III;aVR;aVF,sensitivity_af,10,0.8905555555555555,0.0037497142095031097,0.8833333333333333,0.8944444444444445,-0.0038888888888889417,0.0
0;2;3;5,I;III;aVR;aVF,sens95_af,10,0.9038888888888887,0.002683588286331368,0.9,0.9055555555555556,-0.002777777777777768,0.0
0;2;3;5,I;III;aVR;aVF,auroc_ischemia,10,0.8996525566953583,0.0009137905700109836,0.8982509924144166,0.9007742797626066,-0.007280587980977071,0.0
0;2;3;5,I;III;aVR;aVF,f1_ischemia,10,0.681903615874507,0.007635237080491982,0.668693009118541,0.6956521739130435,0.010318825809180966,0.7
0;2;3;5,I;III;aVR;aVF,sensitivity_ischemia,10,0.6793939393939394,0.008782652573448152,0.6666666666666666,0.696969696969697,0.021212121212121217,1.0
0;2;3;5,I;III;aVR;aVF,sens95_ischemia,10,0.6436363636363637,0.008943815604516635,0.6303030303030303,0.6606060606060606,0.04666666666666665,1.0
0;2;3;5,I;III;aVR;aVF,auroc_conduction,10,0.951979839225402,0.0005219848070962165,0.9513223402793898,0.9528902952587126,-0.0051463029895359004,0.0
0;2;3;5,I;III;aVR;aVF,f1_conduction,10,0.857097425346325,0.004435110382219635,0.8493894165535957,0.8625850340136054,-0.012693082579524183,0.0
0;2;3;5,I;III;aVR;aVF,sensitivity_conduction,10,0.829287598944591,0.0065875051226293845,0.820580474934037,0.8364116094986808,-0.01319261213720313,0.0
0;2;3;5,I;III;aVR;aVF,sens95_conduction,10,0.8042216358839049,0.005534611335990256,0.7941952506596306,0.8126649076517151,-0.018997361477572573,0.0
0;2;3;5,I;III;aVR;aVF,auroc_ectopy,10,0.8708845033415205,0.002614796709048643,0.866453418632547,0.8736219797795167,0.008573713371794111,1.0
0;2;3;5,I;III;aVR;aVF,f1_ectopy,10,0.38788546955079783,0.01703529758081805,0.36486486486486486,0.4266666666666667,0.004431072319857033,0.6
0;2;3;5,I;III;aVR;aVF,sensitivity_ectopy,10,0.34512195121951217,0.017294347468441173,0.32926829268292684,0.3902439024390244,-0.019512195121951202,0.2
0;2;3;5,I;III;aVR;aVF,sens95_ectopy,10,0.40731707317073174,0.020079819569477183,0.3780487804878049,0.45121951219512196,0.08902439024390245,1.0
0;3,I;aVR,macro_f1,10,0.6976265124642571,0.004333198384906145,0.6920316085945313,0.70498934123408,0.0075320270184337625,0.9
0;3,I;aVR,macro_sensitivity,10,0.7053703067495461,0.004171001606867937,0.698829778025994,0.7113829763775062,0.008806798124257387,0.9
0;3,I;aVR,auroc_af,10,0.9655335097001764,0.0009076580082231429,0.9641901822457377,0.9667328042328042,-0.0015395355673133882,0.0
0;3,I;aVR,f1_af,10,0.8853163375952168,0.003927032103439825,0.8808864265927978,0.8913649025069638,-0.01715682793111566,0.0
0;3,I;aVR,sensitivity_af,10,0.8855555555555554,0.0028688765527462245,0.8833333333333333,0.8888888888888888,-0.008888888888888969,0.0
0;3,I;aVR,sens95_af,10,0.9044444444444444,0.0023424278964210136,0.9,0.9055555555555556,-0.0022222222222222144,0.0
0;3,I;aVR,auroc_ischemia,10,0.8994190936603387,0.0008979209192479357,0.8979051212514247,0.9006878119718588,-0.00751405101599657,0.0
0;3,I;aVR,f1_ischemia,10,0.6853979408925525,0.00507273424769396,0.6788990825688074,0.6956521739130435,0.013813150827226405,0.9
0;3,I;aVR,sensitivity_ischemia,10,0.6733333333333335,0.007255872725684035,0.6606060606060606,0.6848484848484848,0.01515151515151516,0.7
0;3,I;aVR,sens95_ischemia,10,0.6290909090909091,0.012387644215560328,0.6121212121212121,0.6545454545454545,0.03212121212121209,1.0
0;3,I;aVR,auroc_conduction,10,0.9504554648678607,0.00047084102744350553,0.950000710553616,0.9515497174365122,-0.006670677347077003,0.0
0;3,I;aVR,f1_conduction,10,0.8620271317598112,0.0028261149486816443,0.8571428571428571,0.8664850136239782,-0.007763376166037972,0.0
0;3,I;aVR,sensitivity_conduction,10,0.8308707124010553,0.004888985790567214,0.8232189973614775,0.8390501319261213,-0.011609498680738795,0.0
0;3,I;aVR,sens95_conduction,10,0.8118733509234829,0.004493241785204856,0.8047493403693932,0.820580474934037,-0.011345646437994728,0.0
0;3,I;aVR,auroc_ectopy,10,0.8730893356942937,0.0024162342448487777,0.8686810989889758,0.876106700177072,0.01077854572456729,1.0
0;3,I;aVR,f1_ectopy,10,0.4112569497044084,0.018701358718446637,0.38961038961038963,0.45454545454545453,0.027802552473467586,0.9
0;3,I;aVR,sensitivity_ectopy,10,0.38170731707317074,0.019110015078931966,0.36585365853658536,0.4268292682926829,0.017073170731707315,0.6
0;3,I;aVR,sens95_ectopy,10,0.401219512195122,0.026625240477744415,0.35365853658536583,0.43902439024390244,0.08292682926829267,1.0
1,II,macro_f1,10,0.689365163129961,0.006273214628454504,0.6801758332257807,0.699119470465752,-0.0007293223158625018,0.4
1,II,macro_sensitivity,10,0.6999464262489553,0.006089109687201794,0.6917850636539098,0.7091744285489057,0.0033829176236666813,0.5
1,II,auroc_af,10,0.9652785126396237,0.0014801237707238438,0.9634773662551441,0.9671884185773074,-0.0017945326278659968,0.0
1,II,f1_af,10,0.8942634602075993,0.003478275730027663,0.8895027624309392,0.9,-0.00820970531873294,0.1
1,II,sensitivity_af,10,0.8949999999999999,0.00409924881873681,0.8888888888888888,0.9,0.0005555555555555314,0.3
1,II,sens95_af,10,0.9044444444444444,0.0023424278964210136,0.9,0.9055555555555556,-0.0022222222222222144,0.0
1,II,auroc_ischemia,10,0.8895271783987736,0.001276836499763326,0.8877333647761664,0.8916401367763236,-0.017405966277561614,0.0
1,II,f1_ischemia,10,0.6589389337697297,0.00984378702722836,0.6404833836858006,0.6746268656716418,-0.012645856295596503,0.2
1,II,sensitivity_ischemia,10,0.6745454545454546,0.014581884794035212,0.6424242424242425,0.6909090909090909,0.016363636363636348,0.7
1,II,sens95_ischemia,10,0.5854545454545454,0.012840604914804618,0.5636363636363636,0.6060606060606061,-0.011515151515151511,0.1
1,II,auroc_conduction,10,0.9432622937618131,0.0008150748629564125,0.9423077834043097,0.944752087843375,-0.013863848453124772,0.0
1,II,f1_conduction,10,0.8462695697220847,0.005729908711425962,0.8361111111111111,0.8563458856345886,-0.023520938203764517,0.0
1,II,sensitivity_conduction,10,0.803957783641161,0.006703901143415841,0.7941952506596306,0.8126649076517151,-0.03852242744063324,0.0
1,II,sens95_conduction,10,0.7936675461741425,0.0085089791538771,0.7810026385224275,0.8100263852242744,-0.029551451187335098,0.0
1,II,auroc_ectopy,10,0.8497158279545325,0.003409732113384728,0.8454618152738904,0.8549580167932826,-0.012594962015193934,0.0
1,II,f1_ectopy,10,0.38329561158032344,0.02997548818348007,0.32432432432432434,0.4375,-0.00015878565061739903,0.4
1,II,sensitivity_ectopy,10,0.35853658536585364,0.03553133883481652,0.2926829268292683,0.4268292682926829,-0.0060975609756097615,0.4
1,II,sens95_ectopy,10,0.3439024390243902,0.04663294438926826,0.2926829268292683,0.43902439024390244,0.025609756097560978,0.7
1;3;4;5;7,II;aVR;aVL;aVF;V2,macro_f1,10,0.6981555535204745,0.0037586811912615602,0.6904569944423609,0.70236676673795,0.00806106807465109,0.9
1;3;4;5;7,II;aVR;aVL;aVF;V2,macro_sensitivity,10,0.7065526060628062,0.0038354215657343672,0.6990831125814072,0.7111704164867174,0.009989097437517514,0.9
1;3;4;5;7,II;aVR;aVL;aVF;V2,auroc_af,10,0.9677013521457966,0.0008228542395634658,0.9667181069958848,0.9690182245737802,0.0006283068783068724,1.0
1;3;4;5;7,II;aVR;aVL;aVF;V2,f1_af,10,0.896866686834573,0.003523810917726696,0.8895027624309392,0.9025069637883009,-0.005606478691759398,0.0
1;3;4;5;7,II;aVR;aVL;aVF;V2,sensitivity_af,10,0.8961111111111111,0.002683588286331368,0.8944444444444445,0.9,0.0016666666666666607,0.3
1;3;4;5;7,II;aVR;aVL;aVF;V2,sens95_af,10,0.9,0.0,0.9,0.9,-0.006666666666666643,0.0
1;3;4;5;7,II;aVR;aVL;aVF;V2,auroc_ischemia,10,0.9032716267735722,0.0005216974925696881,0.9025822426600637,0.9042644342255238,-0.0036615179027630453,0.0
1;3;4;5;7,II;aVR;aVL;aVF;V2,f1_ischemia,10,0.6849110172800341,0.006027163405848525,0.6786786786786787,0.6948640483383686,0.013326227214708053,0.9
1;3;4;5;7,II;aVR;aVL;aVF;V2,sensitivity_ischemia,10,0.6903030303030302,0.007255872725684035,0.6787878787878788,0.703030303030303,0.03212121212121213,1.0
1;3;4;5;7,II;aVR;aVL;aVF;V2,sens95_ischemia,10,0.6121212121212121,0.01142798838281289,0.6,0.6363636363636364,0.015151515151515138,0.8
1;3;4;5;7,II;aVR;aVL;aVF;V2,auroc_conduction,10,0.9558589882663913,0.00044609170793980305,0.9548845824076398,0.9563814820253619,-0.0012671539485464955,0.0
1;3;4;5;7,II;aVR;aVL;aVF;V2,f1_conduction,10,0.862607151038701,0.00316725071559212,0.8551724137931035,0.8665749656121046,-0.007183356887148207,0.0
1;3;4;5;7,II;aVR;aVL;aVF;V2,sensitivity_conduction,10,0.8266490765171504,0.004134620676708228,0.8179419525065963,0.8311345646437994,-0.0158311345646438,0.0
1;3;4;5;7,II;aVR;aVL;aVF;V2,sens95_conduction,10,0.807915567282322,0.005098109673241671,0.8021108179419525,0.8179419525065963,-0.015303430079155678,0.0
1;3;4;5;7,II;aVR;aVL;aVF;V2,auroc_ectopy,10,0.8647298223567714,0.0017432530454922345,0.8607842577254812,0.8668675386988062,0.002419032387045139,0.9
1;3;4;5;7,II;aVR;aVL;aVF;V2,f1_ectopy,10,0.4014902657174261,0.013338932317655754,0.3835616438356164,0.4189189189189189,0.01803586848648529,0.9
1;3;4;5;7,II;aVR;aVL;aVF;V2,sensitivity_ectopy,10,0.36585365853658536,0.01626016260162602,0.34146341463414637,0.3902439024390244,0.0012195121951219467,0.4
1;3;4;5;7,II;aVR;aVL;aVF;V2,sens95_ectopy,10,0.38414634146341464,0.0118515282415555,0.36585365853658536,0.4024390243902439,0.06585365853658538,1.0
1;3;6;7,II;aVR;V1;V2,macro_f1,10,0.7026792013018518,0.004702671891132759,0.6947008155271177,0.7074261375954944,0.01258471585602836,1.0
1;3;6;7,II;aVR;V1;V2,macro_sensitivity,10,0.7104250961800352,0.004477531846533124,0.7031280064152192,0.7150915442324155,0.013861587554746669,1.0
1;3;6;7,II;aVR;V1;V2,auroc_af,10,0.9672450029394474,0.0006983211336554755,0.9662037037037038,0.9682539682539683,0.00017195767195765654,0.7
1;3;6;7,II;aVR;V1;V2,f1_af,10,0.8975499741505562,0.002871869846656414,0.8938547486033519,0.9025069637883009,-0.004923191375776137,0.2
1;3;6;7,II;aVR;V1;V2,sensitivity_af,10,0.8955555555555555,0.003513641844631543,0.8888888888888888,0.9,0.0011111111111110961,0.3
1;3;6;7,II;aVR;V1;V2,sens95_af,10,0.9,0.0,0.9,0.9,-0.006666666666666643,0.0
1;3;6;7,II;aVR;V1;V2,auroc_ischemia,10,0.9027426011083598,0.0006005110082088367,0.9017883111268327,0.903619856149039,-0.004190543567975524,0.0
1;3;6;7,II;aVR;V1;V2,f1_ischemia,10,0.6857271248966865,0.008434917195979883,0.6727272727272727,0.7012195121951219,0.014142334831360525,0.9
1;3;6;7,II;aVR;V1;V2,sensitivity_ischemia,10,0.6836363636363636,0.007979158649750103,0.6727272727272727,0.696969696969697,0.025454545454545462,1.0
1;3;6;7,II;aVR;V1;V2,sens95_ischemia,10,0.62,0.010320840221773587,0.6060606060606061,0.6424242424242425,0.023030303030303012,1.0
1;3;6;7,II;aVR;V1;V2,auroc_conduction,10,0.9574686290578531,0.000562992209537119,0.9561398937959196,0.9581957622582342,0.0003424868429155681,0.6
1;3;6;7,II;aVR;V1;V2,f1_conduction,10,0.8675565169143331,0.003418501232064718,0.8626373626373627,0.8743169398907104,-0.0022339910115160566,0.2
1;3;6;7,II;aVR;V1;V2,sensitivity_conduction,10,0.8348284960422163,0.0051584444322304935,0.8284960422163589,0.8443271767810027,-0.007651715039577822,0.0
1;3;6;7,II;aVR;V1;V2,sens95_conduction,10,0.8271767810026386,0.003782904690871865,0.820580474934037,0.8337730870712401,0.00395778364116095,0.6
1;3;6;7,II;aVR;V1;V2,auroc_ectopy,10,0.865272462443594,0.0017059148105947046,0.8622693779631005,0.8676529388244701,0.0029616724738675713,1.0
1;3;6;7,II;aVR;V1;V2,f1_ectopy,10,0.4132513477691361,0.014316802306132656,0.3972602739726027,0.44,0.029796950538195276,1.0
1;3;6;7,II;aVR;V1;V2,sensitivity_ectopy,10,0.3719512195121951,0.015479213629804705,0.35365853658536583,0.4024390243902439,0.0073170731707317025,0.7
1;3;6;7,II;aVR;V1;V2,sens95_ectopy,10,0.37682926829268293,0.008998351065519786,0.36585365853658536,0.3902439024390244,0.05853658536585367,1.0
6;7,V1;V2,macro_f1,10,0.6975945094621088,0.004347364191177885,0.689733226283458,0.7048024077844878,0.007500024016285222,1.0
6;7,V1;V2,macro_sensitivity,10,0.7021193029464475,0.004548104640282244,0.6934040379538803,0.7098882041941441,0.005555794321158903,0.9
6;7,V1;V2,auroc_af,10,0.9624066725455614,0.0004137626773491763,0.9617871840094062,0.963073192239859,-0.00466637272192828,0.0
6;7,V1;V2,f1_af,10,0.902447557890763,0.002215399442077978,0.898876404494382,0.9044943820224719,-2.5607635569291353e-05,0.4
6;7,V1;V2,sensitivity_af,10,0.8916666666666666,0.002928034870526326,0.8888888888888888,0.8944444444444445,-0.0027777777777778234,0.0
6;7,V1;V2,sens95_af,10,0.9072222222222222,0.002683588286331368,0.9055555555555556,0.9111111111111111,0.0005555555555555536,0.1
6;7,V1;V2,auroc_ischemia,10,0.8695853476398223,0.0016458380515491644,0.867161891286405,0.8731203081397634,-0.037347797036512996,0.0
6;7,V1;V2,f1_ischemia,10,0.6252857125198044,0.009148206568459345,0.61198738170347,0.6435331230283912,-0.046299077545521664,0.0
6;7,V1;V2,sensitivity_ischemia,10,0.6072727272727272,0.009814107314336244,0.5878787878787879,0.6181818181818182,-0.05090909090909094,0.0
6;7,V1;V2,sens95_ischemia,10,0.5503030303030303,0.01333945375290439,0.5272727272727272,0.5696969696969697,-0.046666666666666676,0.0
6;7,V1;V2,auroc_conduction,10,0.9633231171513431,0.0006132254114604502,0.9621890735801955,0.9641170423916288,0.006196974936405486,1.0
6;7,V1;V2,f1_conduction,10,0.8876221008694938,0.0024847065525290574,0.8840381991814461,0.89280868385346,0.01783159294364447,1.0
6;7,V1;V2,sensitivity_conduction,10,0.8638522427440634,0.004162589117396409,0.8548812664907651,0.8680738786279684,0.021372031662269142,1.0
6;7,V1;V2,sens95_conduction,10,0.8488126649076516,0.006587505122629374,0.8390501319261213,0.862796833773087,0.025593667546174113,1.0
6;7,V1;V2,auroc_ectopy,10,0.8731493117038898,0.0019924961779268146,0.8698948991831839,0.8766350602616096,0.010838521734163442,1.0
6;7,V1;V2,f1_ectopy,10,0.46457247372022714,0.01649601118324602,0.42953020134228187,0.48717948717948717,0.08111807648928634,1.0
6;7,V1;V2,sensitivity_ectopy,10,0.4378048780487805,0.02028451211361732,0.3902439024390244,0.4634146341463415,0.0731707317073171,1.0
6;7,V1;V2,sens95_ectopy,10,0.47073170731707326,0.029425952960737984,0.4268292682926829,0.5121951219512195,0.15243902439024387,1.0
