lead_indices,lead_names,measurement_contacts,seed,binary_auroc,sens_at_95sp,f1_at_05,macro_f1,macro_sensitivity,measurable,auroc_nsr,f1_nsr,sensitivity_nsr,sens95_nsr,auroc_af,f1_af,sensitivity_af,sens95_af,auroc_ischemia,f1_ischemia,sensitivity_ischemia,sens95_ischemia,auroc_conduction,f1_conduction,sensitivity_conduction,sens95_conduction,auroc_ectopy,f1_ectopy,sensitivity_ectopy,sens95_ectopy,repeat_run_id,expanded_run_id,prediction_path,prediction_sha256,runtime_sec
0;1;2;3;4;5;6;7;8;9;10;11,I;II;III;aVR;aVL;aVF;V1;V2;V3;V4;V5;V6,9,30000,0.9149120871036563,0.7275362318840579,0.7920792079207921,0.6918919079944124,0.6983460694156363,binary;multiclass,0.929853025386524,0.6266666666666667,0.7230769230769231,0.5307692307692308,0.9667475014697238,0.9044943820224719,0.8944444444444445,0.9055555555555556,0.9070392642377079,0.676923076923077,0.6666666666666666,0.6,0.9570778245690492,0.8692098092643051,0.841688654353562,0.8179419525065963,0.8639258582281374,0.3821656050955414,0.36585365853658536,0.34146341463414637,59f35a0254ab1e0fe9f5dc2926f7dd5c781b4a1da02f35cc138699bf537d745a,9dd890a3b933b877aaad4b8cfef1d5c589c46d48e39edb8f936cc75617d345c7,outputs/electrode_coverage_v1/9dd890a3b933b877aaad4b8cfef1d5c589c46d48e39edb8f936cc75617d345c7/stability/59f35a0254ab1e0fe9f5dc2926f7dd5c781b4a1da02f35cc138699bf537d745a/seed30000_0-1-2-3-4-5-6-7-8-9-10-11.npz,3274cd289decb11d565e4e4492f806dca782b5c15b06ce1987d219b659ddf70f,6.62529689999792
0;2;3;4;5;10,I;III;aVR;aVL;aVF;V5,4,30000,0.9158929841339906,0.7101449275362319,0.7832167832167832,0.6876892250062981,0.6953978547498079,binary;multiclass,0.9281351402939492,0.6216216216216216,0.7076923076923077,0.5692307692307692,0.9648809523809524,0.8944444444444445,0.8944444444444445,0.9055555555555556,0.9066698109499666,0.6707317073170732,0.6666666666666666,0.593939393939394,0.9501286102044973,0.8516483516483516,0.8179419525065963,0.7968337730870713,0.8687382189981151,0.4,0.3902439024390244,0.3902439024390244,59f35a0254ab1e0fe9f5dc2926f7dd5c781b4a1da02f35cc138699bf537d745a,9dd890a3b933b877aaad4b8cfef1d5c589c46d48e39edb8f936cc75617d345c7,outputs/electrode_coverage_v1/9dd890a3b933b877aaad4b8cfef1d5c589c46d48e39edb8f936cc75617d345c7/stability/59f35a0254ab1e0fe9f5dc2926f7dd5c781b4a1da02f35cc138699bf537d745a/seed30000_0-2-3-4-5-10.npz,76bb60dd26e7246bc936d76082c9197b36b114d357efe256bf33dcabe46357b2,6.362881000000925
0;2;3;5,I;III;aVR;aVF,3,30000,0.9153682042227618,0.6869565217391305,0.7900552486187845,0.6908659386597495,0.6988798823003083,binary;multiclass,0.9285168925367437,0.6468646864686468,0.7538461538461538,0.5615384615384615,0.9647927689594356,0.8846153846153846,0.8944444444444445,0.9055555555555556,0.8994929843178869,0.6829268292682927,0.6787878787878788,0.6424242424242425,0.951568665532939,0.8563611491108071,0.8258575197889182,0.8073878627968337,0.8669246587079454,0.3835616438356164,0.34146341463414637,0.4268292682926829,59f35a0254ab1e0fe9f5dc2926f7dd5c781b4a1da02f35cc138699bf537d745a,9dd890a3b933b877aaad4b8cfef1d5c589c46d48e39edb8f936cc75617d345c7,outputs/electrode_coverage_v1/9dd890a3b933b877aaad4b8cfef1d5c589c46d48e39edb8f936cc75617d345c7/stability/59f35a0254ab1e0fe9f5dc2926f7dd5c781b4a1da02f35cc138699bf537d745a/seed30000_0-2-3-5.npz,55d587c61e29ba3d3c29502364271b2cc7b9e167429764ecdd4044e0d37cfca8,6.364007899996068
0;3,I;aVR,3,30000,0.9146325314500111,0.6985507246376812,0.7865168539325843,0.6928792864478625,0.7015039727846214,binary;multiclass,0.9288795571673983,0.6472491909385113,0.7692307692307693,0.5615384615384615,0.9646164021164021,0.8808864265927978,0.8833333333333333,0.9055555555555556,0.8999882089376253,0.68125,0.6606060606060606,0.6181818181818182,0.950749160362477,0.8602739726027397,0.8284960422163589,0.8100263852242744,0.8704089792654367,0.39473684210526316,0.36585365853658536,0.3902439024390244,59f35a0254ab1e0fe9f5dc2926f7dd5c781b4a1da02f35cc138699bf537d745a,9dd890a3b933b877aaad4b8cfef1d5c589c46d48e39edb8f936cc75617d345c7,outputs/electrode_coverage_v1/9dd890a3b933b877aaad4b8cfef1d5c589c46d48e39edb8f936cc75617d345c7/stability/59f35a0254ab1e0fe9f5dc2926f7dd5c781b4a1da02f35cc138699bf537d745a/seed30000_0-3.npz,3e0a257408896abb87d956c6816ca9e0a06d2f09e995eab9437ad131864ee65d,6.366411599999992
1,II,2,30000,0.9127639226072242,0.6492753623188405,0.7850208044382802,0.6886882276013787,0.6981378978116219,binary;multiclass,0.9305306356174843,0.6599326599326599,0.7538461538461538,0.6538461538461539,0.9636022927689595,0.8994413407821229,0.8944444444444445,0.9055555555555556,0.8902094878748574,0.6627906976744186,0.6909090909090909,0.5818181818181818,0.942601478898926,0.850415512465374,0.8100263852242744,0.7915567282321899,0.8455474952875993,0.3708609271523179,0.34146341463414637,0.3048780487804878,59f35a0254ab1e0fe9f5dc2926f7dd5c781b4a1da02f35cc138699bf537d745a,9dd890a3b933b877aaad4b8cfef1d5c589c46d48e39edb8f936cc75617d345c7,outputs/electrode_coverage_v1/9dd890a3b933b877aaad4b8cfef1d5c589c46d48e39edb8f936cc75617d345c7/stability/59f35a0254ab1e0fe9f5dc2926f7dd5c781b4a1da02f35cc138699bf537d745a/seed30000_1.npz,0afc415e00482bfa60894881877022cb7be2d6844985656e4ebbfb2b279548eb,6.360541599999124
1;3;4;5;7,II;aVR;aVL;aVF;V2,4,30000,0.9146717673312244,0.6811594202898551,0.7856154910096819,0.7016316909404164,0.7099881652265975,binary;multiclass,0.9312464210727237,0.6534653465346535,0.7615384615384615,0.6,0.9668209876543209,0.8944444444444445,0.8944444444444445,0.9,0.9033918956097944,0.6948640483383686,0.696969696969697,0.6121212121212121,0.9554388142281256,0.8653846153846154,0.8311345646437994,0.8047493403693932,0.86336893813903,0.4,0.36585365853658536,0.3902439024390244,59f35a0254ab1e0fe9f5dc2926f7dd5c781b4a1da02f35cc138699bf537d745a,9dd890a3b933b877aaad4b8cfef1d5c589c46d48e39edb8f936cc75617d345c7,outputs/electrode_coverage_v1/9dd890a3b933b877aaad4b8cfef1d5c589c46d48e39edb8f936cc75617d345c7/stability/59f35a0254ab1e0fe9f5dc2926f7dd5c781b4a1da02f35cc138699bf537d745a/seed30000_1-3-4-5-7.npz,b6c7e453d85d86017cb2af72ef4b8e65ff7f300f04602195d938665eba51d51f,6.356412799999816
1;3;6;7,II;aVR;V1;V2,5,30000,0.9146227224797077,0.6782608695652174,0.7932011331444759,0.7024862492839536,0.7108569920044274,binary;multiclass,0.9313323153273525,0.6535947712418301,0.7692307692307693,0.5846153846153846,0.9666225749559082,0.8944444444444445,0.8944444444444445,0.9,0.9027787603663089,0.6829268292682927,0.6787878787878788,0.6121212121212121,0.9570541394485157,0.8681318681318682,0.8337730870712401,0.8258575197889182,0.8639686982349917,0.41333333333333333,0.3780487804878049,0.3902439024390244,59f35a0254ab1e0fe9f5dc2926f7dd5c781b4a1da02f35cc138699bf537d745a,9dd890a3b933b877aaad4b8cfef1d5c589c46d48e39edb8f936cc75617d345c7,outputs/electrode_coverage_v1/9dd890a3b933b877aaad4b8cfef1d5c589c46d48e39edb8f936cc75617d345c7/stability/59f35a0254ab1e0fe9f5dc2926f7dd5c781b4a1da02f35cc138699bf537d745a/seed30000_1-3-6-7.npz,a15d357aefe08dd6bb818381f4d7e986503429040e7ea30fc159a5610ac17970,6.360071900002367
6;7,V1;V2,5,30000,0.8933863017729715,0.6405797101449275,0.7554269175108539,0.6998343478240698,0.704558532900125,binary;multiclass,0.9150601259782403,0.6013071895424836,0.7076923076923077,0.5384615384615384,0.9624853027630805,0.9014084507042254,0.8888888888888888,0.9055555555555556,0.8684431867311245,0.6206896551724138,0.6,0.5454545454545454,0.9637570285595184,0.8885869565217391,0.862796833773087,0.8469656992084432,0.8741931798709088,0.48717948717948717,0.4634146341463415,0.5121951219512195,59f35a0254ab1e0fe9f5dc2926f7dd5c781b4a1da02f35cc138699bf537d745a,9dd890a3b933b877aaad4b8cfef1d5c589c46d48e39edb8f936cc75617d345c7,outputs/electrode_coverage_v1/9dd890a3b933b877aaad4b8cfef1d5c589c46d48e39edb8f936cc75617d345c7/stability/59f35a0254ab1e0fe9f5dc2926f7dd5c781b4a1da02f35cc138699bf537d745a/seed30000_6-7.npz,6987d88e441dcc981ba3d18230effe9acd07704c41108624394b2da5761842a4,6.355470800001058
0;1;2;3;4;5;6;7;8;9;10;11,I;II;III;aVR;aVL;aVF;V1;V2;V3;V4;V5;V6,9,30001,0.9136418254493736,0.6985507246376812,0.7921348314606742,0.6859376488449425,0.6929550981156619,binary;multiclass,0.9305783546478335,0.6163934426229508,0.7230769230769231,0.5615384615384615,0.9660126396237507,0.8994413407821229,0.8944444444444445,0.9055555555555556,0.9057736902094878,0.6708074534161491,0.6545454545454545,0.593939393939394,0.9568078141949664,0.8688524590163934,0.8390501319261213,0.820580474934037,0.8582424173187868,0.3741935483870968,0.35365853658536583,0.2926829268292683,59f35a0254ab1e0fe9f5dc2926f7dd5c781b4a1da02f35cc138699bf537d745a,9dd890a3b933b877aaad4b8cfef1d5c589c46d48e39edb8f936cc75617d345c7,outputs/electrode_coverage_v1/9dd890a3b933b877aaad4b8cfef1d5c589c46d48e39edb8f936cc75617d345c7/stability/59f35a0254ab1e0fe9f5dc2926f7dd5c781b4a1da02f35cc138699bf537d745a/seed30001_0-1-2-3-4-5-6-7-8-9-10-11.npz,63946b0ca7102071a0882850ec389b06ee9c44047dce91a01ecd64615532ed68,6.362148100000923
0;2;3;4;5;10,I;III;aVR;aVL;aVF;V5,4,30001,0.9148777557075944,0.6840579710144927,0.7804195804195804,0.6924185704009161,0.700283877551398,binary;multiclass,0.9291849589616339,0.6421404682274248,0.7384615384615385,0.5615384615384615,0.9637860082304527,0.8888888888888888,0.8888888888888888,0.9055555555555556,0.9055771725032425,0.6749226006191951,0.6606060606060606,0.6060606060606061,0.9506117866633823,0.853625170998632,0.8232189973614775,0.7941952506596306,0.8618552578968411,0.4025157232704403,0.3902439024390244,0.36585365853658536,59f35a0254ab1e0fe9f5dc2926f7dd5c781b4a1da02f35cc138699bf537d745a,9dd890a3b933b877aaad4b8cfef1d5c589c46d48e39edb8f936cc75617d345c7,outputs/electrode_coverage_v1/9dd890a3b933b877aaad4b8cfef1d5c589c46d48e39edb8f936cc75617d345c7/stability/59f35a0254ab1e0fe9f5dc2926f7dd5c781b4a1da02f35cc138699bf537d745a/seed30001_0-2-3-4-5-10.npz,b1a780fb8da4ef273331c0e0b06d99eb02995b958d4d8e3a9c0feb38d86fa6b7,6.359016900001734
0;2;3;5,I;III;aVR;aVF,3,30001,0.9155349567179185,0.672463768115942,0.7899860917941586,0.6944584751180412,0.7013170405686011,binary;multiclass,0.9302538652414583,0.6578073089700996,0.7615384615384615,0.5769230769230769,0.9644988242210464,0.8870523415977961,0.8944444444444445,0.9055555555555556,0.8982509924144166,0.6809815950920245,0.6727272727272727,0.6484848484848484,0.9522981672453732,0.8602442333785617,0.8364116094986808,0.8126649076517151,0.8692094590735133,0.38620689655172413,0.34146341463414637,0.4024390243902439,59f35a0254ab1e0fe9f5dc2926f7dd5c781b4a1da02f35cc138699bf537d745a,9dd890a3b933b877aaad4b8cfef1d5c589c46d48e39edb8f936cc75617d345c7,outputs/electrode_coverage_v1/9dd890a3b933b877aaad4b8cfef1d5c589c46d48e39edb8f936cc75617d345c7/stability/59f35a0254ab1e0fe9f5dc2926f7dd5c781b4a1da02f35cc138699bf537d745a/seed30001_0-2-3-5.npz,07c944d4b6287134acac9b4e55cbebe799b2b8fc9deb98fa007344db61113b92,6.35848850000184
0;3,I;aVR,3,30001,0.9141469874199957,0.6985507246376812,0.7837078651685393,0.7036383900784922,0.7104897315039538,binary;multiclass,0.9305020041992746,0.6513157894736842,0.7615384615384615,0.5692307692307692,0.9641901822457377,0.8913649025069638,0.8888888888888888,0.9055555555555556,0.8994458200683881,0.6851851851851852,0.6727272727272727,0.6424242424242425,0.950000710553616,0.8664850136239782,0.8390501319261213,0.8126649076517151,0.8711086993773919,0.423841059602649,0.3902439024390244,0.43902439024390244,59f35a0254ab1e0fe9f5dc2926f7dd5c781b4a1da02f35cc138699bf537d745a,9dd890a3b933b877aaad4b8cfef1d5c589c46d48e39edb8f936cc75617d345c7,outputs/electrode_coverage_v1/9dd890a3b933b877aaad4b8cfef1d5c589c46d48e39edb8f936cc75617d345c7/stability/59f35a0254ab1e0fe9f5dc2926f7dd5c781b4a1da02f35cc138699bf537d745a/seed30001_0-3.npz,66186faad53a0a2c93c8817fbad4598b1f10973dea47fcbbcc372c23918045ca,6.385905000002822
1,II,2,30001,0.9096839059319748,0.6492753623188405,0.7773167358229599,0.699119470465752,0.7091744285489057,binary;multiclass,0.9309505630845581,0.6711409395973155,0.7692307692307693,0.6846153846153846,0.9638007054673722,0.9,0.9,0.9055555555555556,0.8879220217741619,0.6404833836858006,0.6424242424242425,0.5757575757575758,0.9423077834043097,0.8464730290456431,0.8073878627968337,0.7941952506596306,0.8507739761238362,0.4375,0.4268292682926829,0.43902439024390244,59f35a0254ab1e0fe9f5dc2926f7dd5c781b4a1da02f35cc138699bf537d745a,9dd890a3b933b877aaad4b8cfef1d5c589c46d48e39edb8f936cc75617d345c7,outputs/electrode_coverage_v1/9dd890a3b933b877aaad4b8cfef1d5c589c46d48e39edb8f936cc75617d345c7/stability/59f35a0254ab1e0fe9f5dc2926f7dd5c781b4a1da02f35cc138699bf537d745a/seed30001_1.npz,8ebc5e9c65712a44b22b717f7f822c72c84a256a695eb7ecc60e397034db5dcd,6.368738800003484
1;3;4;5;7,II;aVR;aVL;aVF;V2,4,30001,0.9144804924103092,0.6956521739130435,0.7899860917941586,0.70236676673795,0.7111704164867174,binary;multiclass,0.9323057835464783,0.6514657980456026,0.7692307692307693,0.6,0.9667181069958848,0.8969359331476323,0.8944444444444445,0.9,0.9025822426600637,0.6826347305389222,0.6909090909090909,0.6363636363636364,0.9560451533137853,0.861878453038674,0.8232189973614775,0.8073878627968337,0.8607842577254812,0.4189189189189189,0.3780487804878049,0.3902439024390244,59f35a0254ab1e0fe9f5dc2926f7dd5c781b4a1da02f35cc138699bf537d745a,9dd890a3b933b877aaad4b8cfef1d5c589c46d48e39edb8f936cc75617d345c7,outputs/electrode_coverage_v1/9dd890a3b933b877aaad4b8cfef1d5c589c46d48e39edb8f936cc75617d345c7/stability/59f35a0254ab1e0fe9f5dc2926f7dd5c781b4a1da02f35cc138699bf537d745a/seed30001_1-3-4-5-7.npz,d45e02722f17a5e26b34353dbf059f782215e35e30adae19e5526139adfd9aa8,6.366475499999069
1;3;6;7,II;aVR;V1;V2,5,30001,0.9143088354300007,0.663768115942029,0.7926136363636364,0.7074261375954944,0.7150915442324155,binary;multiclass,0.9322866959343387,0.6472491909385113,0.7692307692307693,0.5923076923076923,0.9662037037037038,0.9,0.9,0.9,0.9017883111268327,0.6932515337423313,0.6848484848484848,0.6181818181818182,0.9574236273288395,0.8641975308641975,0.8311345646437994,0.8258575197889182,0.8622693779631005,0.43243243243243246,0.3902439024390244,0.36585365853658536,59f35a0254ab1e0fe9f5dc2926f7dd5c781b4a1da02f35cc138699bf537d745a,9dd890a3b933b877aaad4b8cfef1d5c589c46d48e39edb8f936cc75617d345c7,outputs/electrode_coverage_v1/9dd890a3b933b877aaad4b8cfef1d5c589c46d48e39edb8f936cc75617d345c7/stability/59f35a0254ab1e0fe9f5dc2926f7dd5c781b4a1da02f35cc138699bf537d745a/seed30001_1-3-6-7.npz,4da530f139fc229298c74d4f8c308124a3a3eb49ba9f83d9a99b408d5ed8a976,6.382987700002559
6;7,V1;V2,5,30001,0.8945388557836141,0.6434782608695652,0.76410998552822,0.6943534875646995,0.6988950572919941,binary;multiclass,0.9162340141248331,0.6072607260726073,0.7076923076923077,0.5230769230769231,0.9620737801293358,0.9044943820224719,0.8944444444444445,0.9111111111111111,0.8731203081397634,0.61198738170347,0.5878787878787879,0.5454545454545454,0.9635912327157834,0.8864864864864865,0.8654353562005277,0.8469656992084432,0.8730079396812703,0.46153846153846156,0.43902439024390244,0.47560975609756095,59f35a0254ab1e0fe9f5dc2926f7dd5c781b4a1da02f35cc138699bf537d745a,9dd890a3b933b877aaad4b8cfef1d5c589c46d48e39edb8f936cc75617d345c7,outputs/electrode_coverage_v1/9dd890a3b933b877aaad4b8cfef1d5c589c46d48e39edb8f936cc75617d345c7/stability/59f35a0254ab1e0fe9f5dc2926f7dd5c781b4a1da02f35cc138699bf537d745a/seed30001_6-7.npz,44d85e3fbf984f1eccb9bef37f1ac21f65886834bf27541e40628e651a32f263,6.370275199995376
0;1;2;3;4;5;6;7;8;9;10;11,I;II;III;aVR;aVL;aVF;V1;V2;V3;V4;V5;V6,9,30002,0.9155987150248903,0.7130434782608696,0.7899159663865546,0.6885554058678591,0.6945529935381277,binary;multiclass,0.9305878984539034,0.6245847176079734,0.7230769230769231,0.5230769230769231,0.9677322163433275,0.8994413407821229,0.8944444444444445,0.9111111111111111,0.9083677239319262,0.6666666666666666,0.6424242424242425,0.6,0.9576462674618551,0.8699186991869918,0.8469656992084432,0.8337730870712401,0.863811618209859,0.3821656050955414,0.36585365853658536,0.32926829268292684,59f35a0254ab1e0fe9f5dc2926f7dd5c781b4a1da02f35cc138699bf537d745a,9dd890a3b933b877aaad4b8cfef1d5c589c46d48e39edb8f936cc75617d345c7,outputs/electrode_coverage_v1/9dd890a3b933b877aaad4b8cfef1d5c589c46d48e39edb8f936cc75617d345c7/stability/59f35a0254ab1e0fe9f5dc2926f7dd5c781b4a1da02f35cc138699bf537d745a/seed30002_0-1-2-3-4-5-6-7-8-9-10-11.npz,35e8603b14b13633012ec6b2422e8c4f89c6bb02d8e7cdb68beca36b9d95bb2c,6.366348100003961
0;2;3;4;5;10,I;III;aVR;aVL;aVF;V5,4,30002,0.9152014517276049,0.6985507246376812,0.786013986013986,0.6971811294285896,0.7062601215989465,binary;multiclass,0.9294235541133804,0.6440677966101694,0.7307692307692307,0.5461538461538461,0.9654761904761905,0.8895027624309392,0.8944444444444445,0.9111111111111111,0.907070707070707,0.6829268292682927,0.6787878787878788,0.6,0.9501333472286041,0.8496551724137931,0.8126649076517151,0.7862796833773087,0.8684954589592734,0.41975308641975306,0.4146341463414634,0.3780487804878049,59f35a0254ab1e0fe9f5dc2926f7dd5c781b4a1da02f35cc138699bf537d745a,9dd890a3b933b877aaad4b8cfef1d5c589c46d48e39edb8f936cc75617d345c7,outputs/electrode_coverage_v1/9dd890a3b933b877aaad4b8cfef1d5c589c46d48e39edb8f936cc75617d345c7/stability/59f35a0254ab1e0fe9f5dc2926f7dd5c781b4a1da02f35cc138699bf537d745a/seed30002_0-2-3-4-5-10.npz,b3e5992e8ec38480096ba01c3251ca9470532cf78b4b097a0571dd060d94e542,6.394514699997671
0;2;3;5,I;III;aVR;aVF,3,30002,0.9158488437676255,0.6869565217391305,0.7845303867403315,0.6967482604882318,0.7035159527675133,binary;multiclass,0.9295571673983585,0.6555183946488294,0.7538461538461538,0.5923076923076923,0.9654027042915932,0.8839779005524862,0.8888888888888888,0.9055555555555556,0.9007742797626066,0.6927710843373494,0.696969696969697,0.6606060606060606,0.9524829111855351,0.8625850340136054,0.8364116094986808,0.8100263852242744,0.8716227794596447,0.3888888888888889,0.34146341463414637,0.4024390243902439,59f35a0254ab1e0fe9f5dc2926f7dd5c781b4a1da02f35cc138699bf537d745a,9dd890a3b933b877aaad4b8cfef1d5c589c46d48e39edb8f936cc75617d345c7,outputs/electrode_coverage_v1/9dd890a3b933b877aaad4b8cfef1d5c589c46d48e39edb8f936cc75617d345c7/stability/59f35a0254ab1e0fe9f5dc2926f7dd5c781b4a1da02f35cc138699bf537d745a/seed30002_0-2-3-5.npz,9705ae558be14b8ab73ea48ea63e1b6b67b8a03075af384e5de6699e1aa998a1,6.3852515000035055
0;3,I;aVR,3,30002,0.9135437357463401,0.6985507246376812,0.7894002789400278,0.6995369393003992,0.7083176135560458,binary;multiclass,0.9294617293376599,0.6601307189542484,0.7769230769230769,0.5615384615384615,0.9650205761316872,0.8888888888888888,0.8888888888888888,0.9055555555555556,0.8999410446881263,0.6871165644171779,0.6787878787878788,0.6181818181818182,0.950185454493778,0.8641975308641975,0.8311345646437994,0.8126649076517151,0.8745787399325984,0.3973509933774834,0.36585365853658536,0.4146341463414634,59f35a0254ab1e0fe9f5dc2926f7dd5c781b4a1da02f35cc138699bf537d745a,9dd890a3b933b877aaad4b8cfef1d5c589c46d48e39edb8f936cc75617d345c7,outputs/electrode_coverage_v1/9dd890a3b933b877aaad4b8cfef1d5c589c46d48e39edb8f936cc75617d345c7/stability/59f35a0254ab1e0fe9f5dc2926f7dd5c781b4a1da02f35cc138699bf537d745a/seed30002_0-3.npz,659a41a34b96dffbcf445505231719121a6ee5530cf7993afcc5f6acedeaec6b,6.386430700003984
1,II,2,30002,0.9104784325265455,0.6463768115942029,0.7808219178082192,0.6973578962111437,0.7086476861262884,binary;multiclass,0.9300629891200611,0.6644518272425249,0.7692307692307693,0.6538461538461539,0.9637786596119929,0.8913649025069638,0.8888888888888888,0.9,0.8903352592068545,0.6746268656716418,0.6848484848484848,0.6060606060606061,0.944752087843375,0.8563458856345886,0.8100263852242744,0.8100263852242744,0.8516878962700634,0.4,0.3902439024390244,0.3780487804878049,59f35a0254ab1e0fe9f5dc2926f7dd5c781b4a1da02f35cc138699bf537d745a,9dd890a3b933b877aaad4b8cfef1d5c589c46d48e39edb8f936cc75617d345c7,outputs/electrode_coverage_v1/9dd890a3b933b877aaad4b8cfef1d5c589c46d48e39edb8f936cc75617d345c7/stability/59f35a0254ab1e0fe9f5dc2926f7dd5c781b4a1da02f35cc138699bf537d745a/seed30002_1.npz,285376ff0c785beb7fb7235ad84a0e5670127ba6fb057393a06a3d710d23aae7,6.3954630000007455
1;3;4;5;7,II;aVR;aVL;aVF;V2,4,30002,0.9144559699845507,0.6956521739130435,0.7883008356545961,0.7022952615569513,0.7109592121845163,binary;multiclass,0.9321530826493606,0.6468646864686468,0.7538461538461538,0.5769230769230769,0.9678938859494416,0.8950276243093923,0.9,0.9,0.9032739849860473,0.6890243902439024,0.6848484848484848,0.6,0.9557704059155957,0.8622589531680441,0.8258575197889182,0.8126649076517151,0.8668675386988062,0.41830065359477125,0.3902439024390244,0.4024390243902439,59f35a0254ab1e0fe9f5dc2926f7dd5c781b4a1da02f35cc138699bf537d745a,9dd890a3b933b877aaad4b8cfef1d5c589c46d48e39edb8f936cc75617d345c7,outputs/electrode_coverage_v1/9dd890a3b933b877aaad4b8cfef1d5c589c46d48e39edb8f936cc75617d345c7/stability/59f35a0254ab1e0fe9f5dc2926f7dd5c781b4a1da02f35cc138699bf537d745a/seed30002_1-3-4-5-7.npz,4dde73727c097b4e2e623b78f03e67fb50a1ba0cbbf7aa45398ce7b4f2ab61dd,6.38841830000456
1;3;6;7,II;aVR;V1;V2,5,30002,0.9148434243115329,0.6840579710144927,0.7960339943342776,0.7066473077590013,0.7145937096989288,binary;multiclass,0.9316758923458676,0.6556291390728477,0.7615384615384615,0.5692307692307692,0.9674382716049383,0.9,0.9,0.9,0.902645128326062,0.7012195121951219,0.696969696969697,0.6303030303030303,0.9574757345940134,0.8684931506849315,0.8364116094986808,0.8311345646437994,0.8662677786028445,0.40789473684210525,0.3780487804878049,0.3780487804878049,59f35a0254ab1e0fe9f5dc2926f7dd5c781b4a1da02f35cc138699bf537d745a,9dd890a3b933b877aaad4b8cfef1d5c589c46d48e39edb8f936cc75617d345c7,outputs/electrode_coverage_v1/9dd890a3b933b877aaad4b8cfef1d5c589c46d48e39edb8f936cc75617d345c7/stability/59f35a0254ab1e0fe9f5dc2926f7dd5c781b4a1da02f35cc138699bf537d745a/seed30002_1-3-6-7.npz,308d588e1bf150905383177eb5d0cf3e7468c3849e55b1dec5bd41c37f168fc8,6.398236900000484
6;7,V1;V2,5,30002,0.8920915176929302,0.6666666666666666,0.7645348837209303,0.7000774522040734,0.7047690811594538,binary;multiclass,0.915413246802825,0.6098360655737705,0.7153846153846154,0.5076923076923077,0.9627131099353322,0.9019607843137255,0.8944444444444445,0.9111111111111111,0.8693707503046024,0.6206896551724138,0.6,0.5272727272727272,0.9634585960407953,0.8873812754409769,0.862796833773087,0.8496042216358839,0.8709373393499743,0.4805194805194805,0.45121951219512196,0.5,59f35a0254ab1e0fe9f5dc2926f7dd5c781b4a1da02f35cc138699bf537d745a,9dd890a3b933b877aaad4b8cfef1d5c589c46d48e39edb8f936cc75617d345c7,outputs/electrode_coverage_v1/9dd890a3b933b877aaad4b8cfef1d5c589c46d48e39edb8f936cc75617d345c7/stability/59f35a0254ab1e0fe9f5dc2926f7dd5c781b4a1da02f35cc138699bf537d745a/seed30002_6-7.npz,02577ee6d2948f387bd8530c5df879bb67f7f3f70741a6d39cfe33ff7b7f08b4,6.39521689999674
0;1;2;3;4;5;6;7;8;9;10;11,I;II;III;aVR;aVL;aVF;V1;V2;V3;V4;V5;V6,9,30003,0.9155643836288285,0.7014492753623188,0.7915492957746478,0.6939423456242942,0.7004270174055874,binary;multiclass,0.9304542851689253,0.6333333333333333,0.7307692307692307,0.5153846153846153,0.9683862433862435,0.9044943820224719,0.8944444444444445,0.9055555555555556,0.908257674016429,0.6687306501547987,0.6545454545454545,0.6121212121212121,0.9571441429065433,0.8707482993197279,0.8443271767810027,0.8179419525065963,0.8611412577826012,0.3924050632911392,0.3780487804878049,0.3048780487804878,59f35a0254ab1e0fe9f5dc2926f7dd5c781b4a1da02f35cc138699bf537d745a,9dd890a3b933b877aaad4b8cfef1d5c589c46d48e39edb8f936cc75617d345c7,outputs/electrode_coverage_v1/9dd890a3b933b877aaad4b8cfef1d5c589c46d48e39edb8f936cc75617d345c7/stability/59f35a0254ab1e0fe9f5dc2926f7dd5c781b4a1da02f35cc138699bf537d745a/seed30003_0-1-2-3-4-5-6-7-8-9-10-11.npz,20ed4e314b239136498e19aea1507f4ca4c7b310cb989ff175e63f050d9de468,6.391121199994814
0;2;3;4;5;10,I;III;aVR;aVL;aVF;V5,4,30003,0.9157507540645923,0.7043478260869566,0.786013986013986,0.6916888188486341,0.6993436046045609,binary;multiclass,0.9293090284405421,0.6375838926174496,0.7307692307692307,0.5307692307692308,0.9655055849500294,0.8919667590027701,0.8944444444444445,0.9055555555555556,0.9071493141532052,0.6666666666666666,0.6484848484848484,0.6,0.9500954510357503,0.8497267759562842,0.820580474934037,0.7941952506596306,0.8693665390986463,0.4125,0.4024390243902439,0.34146341463414637,59f35a0254ab1e0fe9f5dc2926f7dd5c781b4a1da02f35cc138699bf537d745a,9dd890a3b933b877aaad4b8cfef1d5c589c46d48e39edb8f936cc75617d345c7,outputs/electrode_coverage_v1/9dd890a3b933b877aaad4b8cfef1d5c589c46d48e39edb8f936cc75617d345c7/stability/59f35a0254ab1e0fe9f5dc2926f7dd5c781b4a1da02f35cc138699bf537d745a/seed30003_0-2-3-4-5-10.npz,0b0cf0a8728718aac543702d5e89891a1e6a30d17a047240b9725b93d3a1597d,6.387913599995954
0;2;3;5,I;III;aVR;aVF,3,30003,0.9152357831236666,0.672463768115942,0.7905686546463245,0.6842708490580792,0.691040702509909,binary;multiclass,0.9290608894827257,0.6421404682274248,0.7384615384615385,0.5923076923076923,0.9663286302175191,0.8839779005524862,0.8888888888888888,0.9055555555555556,0.8996108949416344,0.6809815950920245,0.6727272727272727,0.6363636363636364,0.9523029042694797,0.8493894165535957,0.8258575197889182,0.7941952506596306,0.8719797795167646,0.36486486486486486,0.32926829268292684,0.4024390243902439,59f35a0254ab1e0fe9f5dc2926f7dd5c781b4a1da02f35cc138699bf537d745a,9dd890a3b933b877aaad4b8cfef1d5c589c46d48e39edb8f936cc75617d345c7,outputs/electrode_coverage_v1/9dd890a3b933b877aaad4b8cfef1d5c589c46d48e39edb8f936cc75617d345c7/stability/59f35a0254ab1e0fe9f5dc2926f7dd5c781b4a1da02f35cc138699bf537d745a/seed30003_0-2-3-5.npz,82826c7c117ff8a19ae69490a2df7f550bf8be839f7042935f19bb81f6205557,6.419679799997539
0;3,I;aVR,3,30003,0.913945903528777,0.6956521739130435,0.7915492957746478,0.6920316085945313,0.698829778025994,binary;multiclass,0.9293567474708915,0.6357615894039735,0.7384615384615385,0.5615384615384615,0.9667328042328042,0.8833333333333333,0.8833333333333333,0.9055555555555556,0.8991706952796447,0.6915887850467289,0.6727272727272727,0.6303030303030303,0.9506733679767695,0.8598639455782313,0.8337730870712401,0.8153034300791556,0.872536699605872,0.38961038961038963,0.36585365853658536,0.35365853658536583,59f35a0254ab1e0fe9f5dc2926f7dd5c781b4a1da02f35cc138699bf537d745a,9dd890a3b933b877aaad4b8cfef1d5c589c46d48e39edb8f936cc75617d345c7,outputs/electrode_coverage_v1/9dd890a3b933b877aaad4b8cfef1d5c589c46d48e39edb8f936cc75617d345c7/stability/59f35a0254ab1e0fe9f5dc2926f7dd5c781b4a1da02f35cc138699bf537d745a/seed30003_0-3.npz,9a72f6e7e9f59162d342600edffcdc82b37d9d6617846b1bc98350b4ec1bdb5d,6.387428699999873
1,II,2,30003,0.9124549400426689,0.6579710144927536,0.7883008356545961,0.6857668534555952,0.6962671920610011,binary;multiclass,0.9301107081504104,0.6556291390728477,0.7615384615384615,0.6461538461538462,0.967063492063492,0.8901098901098901,0.9,0.9055555555555556,0.8877333647761664,0.6547619047619048,0.6666666666666666,0.5818181818181818,0.9432315031051194,0.8416666666666667,0.7994722955145118,0.7862796833773087,0.8541154966584795,0.38666666666666666,0.35365853658536583,0.32926829268292684,59f35a0254ab1e0fe9f5dc2926f7dd5c781b4a1da02f35cc138699bf537d745a,9dd890a3b933b877aaad4b8cfef1d5c589c46d48e39edb8f936cc75617d345c7,outputs/electrode_coverage_v1/9dd890a3b933b877aaad4b8cfef1d5c589c46d48e39edb8f936cc75617d345c7/stability/59f35a0254ab1e0fe9f5dc2926f7dd5c781b4a1da02f35cc138699bf537d745a/seed30003_1.npz,cd10a7b39ce96a8c6d54270422872ccd71d9773605f9adc1d57393472f7e91e4,6.396582699999271
1;3;4;5;7,II;aVR;aVL;aVF;V2,4,30003,0.9156722823021654,0.6927536231884058,0.7910863509749304,0.6976163334418669,0.7058558331786982,binary;multiclass,0.9320385569765222,0.6402640264026402,0.7461538461538462,0.5923076923076923,0.9690182245737802,0.8969359331476323,0.8944444444444445,0.9,0.9042644342255238,0.688622754491018,0.696969696969697,0.6242424242424243,0.9562535823744805,0.8622589531680441,0.8258575197889182,0.8047493403693932,0.8656394585023134,0.4,0.36585365853658536,0.3780487804878049,59f35a0254ab1e0fe9f5dc2926f7dd5c781b4a1da02f35cc138699bf537d745a,9dd890a3b933b877aaad4b8cfef1d5c589c46d48e39edb8f936cc75617d345c7,outputs/electrode_coverage_v1/9dd890a3b933b877aaad4b8cfef1d5c589c46d48e39edb8f936cc75617d345c7/stability/59f35a0254ab1e0fe9f5dc2926f7dd5c781b4a1da02f35cc138699bf537d745a/seed30003_1-3-4-5-7.npz,79d9a00453ffb91673b2fa7e92fcf6a345ddf6e93096065219aae417deae6aca,6.376867899998615
1;3;6;7,II;aVR;V1;V2,5,30003,0.9159763603815689,0.6782608695652174,0.7909604519774012,0.6974068336227176,0.7054977567784054,binary;multiclass,0.93219125787364,0.6384364820846905,0.7538461538461538,0.5769230769230769,0.9682098765432099,0.8969359331476323,0.8944444444444445,0.9,0.903619856149039,0.6890243902439024,0.6848484848484848,0.6424242424242425,0.9577599560404163,0.8626373626373627,0.8284960422163589,0.8232189973614775,0.8652681784429085,0.4,0.36585365853658536,0.36585365853658536,59f35a0254ab1e0fe9f5dc2926f7dd5c781b4a1da02f35cc138699bf537d745a,9dd890a3b933b877aaad4b8cfef1d5c589c46d48e39edb8f936cc75617d345c7,outputs/electrode_coverage_v1/9dd890a3b933b877aaad4b8cfef1d5c589c46d48e39edb8f936cc75617d345c7/stability/59f35a0254ab1e0fe9f5dc2926f7dd5c781b4a1da02f35cc138699bf537d745a/seed30003_1-3-6-7.npz,79895ed78e82ab60d90e79832298bc38b0f386a406c2a0b691a8c2dfe08bb154,6.380679900001269
6;7,V1;V2,5,30003,0.8939699355060203,0.6405797101449275,0.7710144927536232,0.7021272496384778,0.7058562262043825,binary;multiclass,0.9169497995800726,0.6086956521739131,0.7,0.5230769230769231,0.9624779541446208,0.9044943820224719,0.8944444444444445,0.9055555555555556,0.867161891286405,0.6335403726708074,0.6181818181818182,0.5636363636363636,0.9628569939792423,0.8864864864864865,0.8654353562005277,0.8469656992084432,0.872179699548752,0.4774193548387097,0.45121951219512196,0.4268292682926829,59f35a0254ab1e0fe9f5dc2926f7dd5c781b4a1da02f35cc138699bf537d745a,9dd890a3b933b877aaad4b8cfef1d5c589c46d48e39edb8f936cc75617d345c7,outputs/electrode_coverage_v1/9dd890a3b933b877aaad4b8cfef1d5c589c46d48e39edb8f936cc75617d345c7/stability/59f35a0254ab1e0fe9f5dc2926f7dd5c781b4a1da02f35cc138699bf537d745a/seed30003_6-7.npz,1f475bb572810cc90c7fa84611aeeb7b3342513998a5fbd5ba572b4a9453b206,6.381844399998954
0;1;2;3;4;5;6;7;8;9;10;11,I;II;III;aVR;aVL;aVF;V1;V2;V3;V4;V5;V6,9,30004,0.9137202972118001,0.7101449275362319,0.7915492957746478,0.6834283830140067,0.690516073725418,binary;multiclass,0.9312750524909335,0.6163934426229508,0.7230769230769231,0.5461538461538461,0.9674750146972368,0.9044943820224719,0.8944444444444445,0.9055555555555556,0.9055771725032425,0.6625766871165644,0.6545454545454545,0.5878787878787879,0.9571299318342232,0.8700410396716827,0.8390501319261213,0.8179419525065963,0.8601130976180956,0.36363636363636365,0.34146341463414637,0.2926829268292683,59f35a0254ab1e0fe9f5dc2926f7dd5c781b4a1da02f35cc138699bf537d745a,9dd890a3b933b877aaad4b8cfef1d5c589c46d48e39edb8f936cc75617d345c7,outputs/electrode_coverage_v1/9dd890a3b933b877aaad4b8cfef1d5c589c46d48e39edb8f936cc75617d345c7/stability/59f35a0254ab1e0fe9f5dc2926f7dd5c781b4a1da02f35cc138699bf537d745a/seed30004_0-1-2-3-4-5-6-7-8-9-10-11.npz,01dd63bdf77ec2645b79e4d04c8e35c263a0e89af5b9de5fc1f91eb0e678fdfa,6.387237800001458
0;2;3;4;5;10,I;III;aVR;aVL;aVF;V5,4,30004,0.9146472449054661,0.6898550724637681,0.7837078651685393,0.681071808962625,0.6891626787810583,binary;multiclass,0.9301107081504103,0.6308724832214765,0.7230769230769231,0.5307692307692308,0.9658068783068783,0.8938547486033519,0.8888888888888888,0.9111111111111111,0.9057736902094878,0.662613981762918,0.6606060606060606,0.6121212121212121,0.9500765029393236,0.8406593406593407,0.8073878627968337,0.783641160949868,0.8658536585365854,0.37735849056603776,0.36585365853658536,0.34146341463414637,59f35a0254ab1e0fe9f5dc2926f7dd5c781b4a1da02f35cc138699bf537d745a,9dd890a3b933b877aaad4b8cfef1d5c589c46d48e39edb8f936cc75617d345c7,outputs/electrode_coverage_v1/9dd890a3b933b877aaad4b8cfef1d5c589c46d48e39edb8f936cc75617d345c7/stability/59f35a0254ab1e0fe9f5dc2926f7dd5c781b4a1da02f35cc138699bf537d745a/seed30004_0-2-3-4-5-10.npz,aed0bb0a57bfc5d3667d4ce7a8f9a7c3337bb1b0c789ea3639602409c4bf41cb,6.3924941000004765
0;2;3;5,I;III;aVR;aVF,3,30004,0.9145785821133428,0.6782608695652174,0.7877094972067039,0.6872511970921966,0.6954864590400983,binary;multiclass,0.9320862760068716,0.6511627906976745,0.7538461538461538,0.5923076923076923,0.9660493827160495,0.8839779005524862,0.8888888888888888,0.9,0.9006799512636089,0.6766467065868264,0.6848484848484848,0.6484848484848484,0.9528902952587126,0.852054794520548,0.820580474934037,0.8047493403693932,0.8700662592106014,0.3724137931034483,0.32926829268292684,0.4024390243902439,59f35a0254ab1e0fe9f5dc2926f7dd5c781b4a1da02f35cc138699bf537d745a,9dd890a3b933b877aaad4b8cfef1d5c589c46d48e39edb8f936cc75617d345c7,outputs/electrode_coverage_v1/9dd890a3b933b877aaad4b8cfef1d5c589c46d48e39edb8f936cc75617d345c7/stability/59f35a0254ab1e0fe9f5dc2926f7dd5c781b4a1da02f35cc138699bf537d745a/seed30004_0-2-3-5.npz,f1bce99f86a73deea6f809b93767d3b74814cb5b4040c51844ec95f56d587aae,6.398539599998912
0;3,I;aVR,3,30004,0.9124009907060006,0.6840579710144927,0.791023842917251,0.6965374675365473,0.7049854903017911,binary;multiclass,0.9320194693643825,0.6534653465346535,0.7615384615384615,0.5769230769230769,0.9658583186360964,0.8833333333333333,0.8833333333333333,0.9,0.89978383052313,0.6808510638297872,0.6787878787878788,0.6303030303030303,0.9515497174365122,0.8571428571428571,0.8232189973614775,0.8100263852242744,0.8741074998571999,0.40789473684210525,0.3780487804878049,0.4024390243902439,59f35a0254ab1e0fe9f5dc2926f7dd5c781b4a1da02f35cc138699bf537d745a,9dd890a3b933b877aaad4b8cfef1d5c589c46d48e39edb8f936cc75617d345c7,outputs/electrode_coverage_v1/9dd890a3b933b877aaad4b8cfef1d5c589c46d48e39edb8f936cc75617d345c7/stability/59f35a0254ab1e0fe9f5dc2926f7dd5c781b4a1da02f35cc138699bf537d745a/seed30004_0-3.npz,0fdfbbc0b25bc263e00e465e6e359749716bcdad3ee2290dbf2bd2043fe24fa3,6.397140200002468
1,II,2,30004,0.91172417175507,0.6434782608695652,0.7851239669421488,0.6813979762410446,0.6917850636539098,binary;multiclass,0.9336037411719793,0.6824324324324325,0.7769230769230769,0.6692307692307692,0.9671884185773074,0.8944444444444445,0.8944444444444445,0.9055555555555556,0.8902330699996069,0.6588921282798834,0.6848484848484848,0.5757575757575758,0.9443068075773438,0.8468965517241379,0.8100263852242744,0.7810026385224275,0.8480322156851545,0.32432432432432434,0.2926829268292683,0.32926829268292684,59f35a0254ab1e0fe9f5dc2926f7dd5c781b4a1da02f35cc138699bf537d745a,9dd890a3b933b877aaad4b8cfef1d5c589c46d48e39edb8f936cc75617d345c7,outputs/electrode_coverage_v1/9dd890a3b933b877aaad4b8cfef1d5c589c46d48e39edb8f936cc75617d345c7/stability/59f35a0254ab1e0fe9f5dc2926f7dd5c781b4a1da02f35cc138699bf537d745a/seed30004_1.npz,d495624409225b25c54c6c423f015da0af405b3691d5e19145645776ca51dbbf,6.407673399997293
1;3;4;5;7,II;aVR;aVL;aVF;V2,4,30004,0.9143922116775791,0.7072463768115942,0.7894002789400278,0.6942155235170587,0.7025310279026734,binary;multiclass,0.9335846535598397,0.6426229508196721,0.7538461538461538,0.5923076923076923,0.9680555555555556,0.8994413407821229,0.8944444444444445,0.9,0.9032110993200486,0.6786786786786787,0.6848484848484848,0.6060606060606061,0.956149367844133,0.8610729023383769,0.8258575197889182,0.8021108179419525,0.8650396984063516,0.38926174496644295,0.35365853658536583,0.3780487804878049,59f35a0254ab1e0fe9f5dc2926f7dd5c781b4a1da02f35cc138699bf537d745a,9dd890a3b933b877aaad4b8cfef1d5c589c46d48e39edb8f936cc75617d345c7,outputs/electrode_coverage_v1/9dd890a3b933b877aaad4b8cfef1d5c589c46d48e39edb8f936cc75617d345c7/stability/59f35a0254ab1e0fe9f5dc2926f7dd5c781b4a1da02f35cc138699bf537d745a/seed30004_1-3-4-5-7.npz,750dcf3badaa4e7d421474debbf7114e5f34f29699fa95a88685e07643eb2e9c,6.39753020000353
1;3;6;7,II;aVR;V1;V2,5,30004,0.915706613698227,0.6956521739130435,0.7960339943342776,0.6982801552176818,0.7054958906564543,binary;multiclass,0.9335083031112807,0.6470588235294118,0.7615384615384615,0.5923076923076923,0.967908583186361,0.8994413407821229,0.8944444444444445,0.9,0.9034626419840428,0.6787878787878788,0.6787878787878788,0.6181818181818182,0.9581957622582342,0.8688524590163934,0.8390501319261213,0.8284960422163589,0.8664248586279774,0.3972602739726027,0.35365853658536583,0.3780487804878049,59f35a0254ab1e0fe9f5dc2926f7dd5c781b4a1da02f35cc138699bf537d745a,9dd890a3b933b877aaad4b8cfef1d5c589c46d48e39edb8f936cc75617d345c7,outputs/electrode_coverage_v1/9dd890a3b933b877aaad4b8cfef1d5c589c46d48e39edb8f936cc75617d345c7/stability/59f35a0254ab1e0fe9f5dc2926f7dd5c781b4a1da02f35cc138699bf537d745a/seed30004_1-3-6-7.npz,2e7ad97c6928ced24eaf9288e998597737f51122556be89f79b23e865a62e95d,6.389874600004987
6;7,V1;V2,5,30004,0.8937982785257117,0.6550724637681159,0.7636887608069164,0.689733226283458,0.6934040379538803,binary;multiclass,0.9153082649360565,0.6133333333333333,0.7076923076923077,0.5307692307692308,0.961875367430923,0.898876404494382,0.8888888888888888,0.9055555555555556,0.8702590103368313,0.617737003058104,0.6121212121212121,0.5393939393939394,0.9626438278944401,0.8891891891891892,0.8680738786279684,0.8390501319261213,0.8698948991831839,0.42953020134228187,0.3902439024390244,0.45121951219512196,59f35a0254ab1e0fe9f5dc2926f7dd5c781b4a1da02f35cc138699bf537d745a,9dd890a3b933b877aaad4b8cfef1d5c589c46d48e39edb8f936cc75617d345c7,outputs/electrode_coverage_v1/9dd890a3b933b877aaad4b8cfef1d5c589c46d48e39edb8f936cc75617d345c7/stability/59f35a0254ab1e0fe9f5dc2926f7dd5c781b4a1da02f35cc138699bf537d745a/seed30004_6-7.npz,9a29a005907fb2c7eeb64f5cd05cd57bb77e1e466e56b5dad677b7c0268640d8,6.420150800004194
0;1;2;3;4;5;6;7;8;9;10;11,I;II;III;aVR;aVL;aVF;V1;V2;V3;V4;V5;V6,9,30005,0.9141175605090855,0.6840579710144927,0.791023842917251,0.6882926127660637,0.6936693847942963,binary;multiclass,0.9306451612903227,0.62,0.7153846153846154,0.5384615384615384,0.966468253968254,0.9044943820224719,0.8944444444444445,0.9055555555555556,0.9060723971229809,0.6788990825688074,0.6727272727272727,0.6060606060606061,0.9570967726654761,0.8672086720867209,0.8443271767810027,0.8258575197889182,0.8634688981550237,0.3708609271523179,0.34146341463414637,0.34146341463414637,59f35a0254ab1e0fe9f5dc2926f7dd5c781b4a1da02f35cc138699bf537d745a,9dd890a3b933b877aaad4b8cfef1d5c589c46d48e39edb8f936cc75617d345c7,outputs/electrode_coverage_v1/9dd890a3b933b877aaad4b8cfef1d5c589c46d48e39edb8f936cc75617d345c7/stability/59f35a0254ab1e0fe9f5dc2926f7dd5c781b4a1da02f35cc138699bf537d745a/seed30005_0-1-2-3-4-5-6-7-8-9-10-11.npz,f682197d88fcdd2c772a6ad4d36197fe074d8aa818ad64bb8d0616ab7037a492,6.391125000001921
0;2;3;4;5;10,I;III;aVR;aVL;aVF;V5,4,30005,0.9158733661933838,0.7014492753623188,0.7876230661040787,0.6880456433964127,0.6960413513023076,binary;multiclass,0.9292040465737736,0.6237288135593221,0.7076923076923077,0.5461538461538461,0.9648515579071135,0.8864265927977839,0.8888888888888888,0.9111111111111111,0.9068270251149627,0.6707692307692308,0.6606060606060606,0.593939393939394,0.9511139112186942,0.8543956043956044,0.820580474934037,0.7968337730870713,0.8709516193522591,0.4049079754601227,0.4024390243902439,0.34146341463414637,59f35a0254ab1e0fe9f5dc2926f7dd5c781b4a1da02f35cc138699bf537d745a,9dd890a3b933b877aaad4b8cfef1d5c589c46d48e39edb8f936cc75617d345c7,outputs/electrode_coverage_v1/9dd890a3b933b877aaad4b8cfef1d5c589c46d48e39edb8f936cc75617d345c7/stability/59f35a0254ab1e0fe9f5dc2926f7dd5c781b4a1da02f35cc138699bf537d745a/seed30005_0-2-3-4-5-10.npz,2304debd7e8cc718760caa241260eae3f5b40a9dd56d649d73e164345625d625,6.394751300002099
0;2;3;5,I;III;aVR;aVF,3,30005,0.914171509845754,0.6898550724637681,0.7928176795580111,0.6929196047692127,0.6998814552531007,binary;multiclass,0.9308455812177896,0.6488294314381271,0.7461538461538462,0.5692307692307692,0.9652336860670194,0.8791208791208791,0.8888888888888888,0.9055555555555556,0.9006406477223597,0.6786786786786787,0.6848484848484848,0.6363636363636364,0.9515449804124052,0.855191256830601,0.8258575197889182,0.8047493403693932,0.8728651396584224,0.4027777777777778,0.35365853658536583,0.4024390243902439,59f35a0254ab1e0fe9f5dc2926f7dd5c781b4a1da02f35cc138699bf537d745a,9dd890a3b933b877aaad4b8cfef1d5c589c46d48e39edb8f936cc75617d345c7,outputs/electrode_coverage_v1/9dd890a3b933b877aaad4b8cfef1d5c589c46d48e39edb8f936cc75617d345c7/stability/59f35a0254ab1e0fe9f5dc2926f7dd5c781b4a1da02f35cc138699bf537d745a/seed30005_0-2-3-5.npz,8a0a65a798d990b8888c9747bc18815ac22ee441ad89e63c1c2c08b7d3dc6545,6.405819999999949
0;3,I;aVR,3,30005,0.9127884450329826,0.6898550724637681,0.790436005625879,0.6984236656138841,0.7058296949705662,binary;multiclass,0.9309123878602787,0.6402640264026402,0.7461538461538462,0.5461538461538461,0.9653292181069959,0.8888888888888888,0.8888888888888888,0.9055555555555556,0.9003104979758676,0.6788990825688074,0.6727272727272727,0.6303030303030303,0.9502186136625249,0.863013698630137,0.8311345646437994,0.820580474934037,0.8739361398297824,0.42105263157894735,0.3902439024390244,0.3780487804878049,59f35a0254ab1e0fe9f5dc2926f7dd5c781b4a1da02f35cc138699bf537d745a,9dd890a3b933b877aaad4b8cfef1d5c589c46d48e39edb8f936cc75617d345c7,outputs/electrode_coverage_v1/9dd890a3b933b877aaad4b8cfef1d5c589c46d48e39edb8f936cc75617d345c7/stability/59f35a0254ab1e0fe9f5dc2926f7dd5c781b4a1da02f35cc138699bf537d745a/seed30005_0-3.npz,88277a607710a1ac24246717fcbdf7bdf1adaa1116fd780d70cf299df98e3d00,6.3909786000003805
1,II,2,30005,0.9109541675862577,0.6521739130434783,0.7791495198902606,0.6942246465497919,0.7040953216292685,binary;multiclass,0.9316377171215882,0.6666666666666666,0.7692307692307693,0.6692307692307692,0.9655570252792475,0.8950276243093923,0.9,0.9055555555555556,0.8899029202531149,0.6626865671641791,0.6727272727272727,0.6,0.943520461575629,0.8520055325034578,0.8126649076517151,0.7968337730870713,0.8549580167932826,0.39473684210526316,0.36585365853658536,0.3902439024390244,59f35a0254ab1e0fe9f5dc2926f7dd5c781b4a1da02f35cc138699bf537d745a,9dd890a3b933b877aaad4b8cfef1d5c589c46d48e39edb8f936cc75617d345c7,outputs/electrode_coverage_v1/9dd890a3b933b877aaad4b8cfef1d5c589c46d48e39edb8f936cc75617d345c7/stability/59f35a0254ab1e0fe9f5dc2926f7dd5c781b4a1da02f35cc138699bf537d745a/seed30005_1.npz,0b698a354111e3193942959d2d6cbb4deac08397a0a2e1f1241c366ae516da56,6.404772900001262
1;3;4;5;7,II;aVR;aVL;aVF;V2,4,30005,0.9140832291130239,0.6811594202898551,0.7883817427385892,0.6967463354600181,0.7057627970987903,binary;multiclass,0.9331838137049056,0.6579804560260586,0.7769230769230769,0.6076923076923076,0.9669459141681364,0.8969359331476323,0.8944444444444445,0.9,0.9027080139920607,0.6786786786786787,0.6848484848484848,0.6,0.9561493678441328,0.8665749656121046,0.8311345646437994,0.8179419525065963,0.8647255383560861,0.3835616438356164,0.34146341463414637,0.3780487804878049,59f35a0254ab1e0fe9f5dc2926f7dd5c781b4a1da02f35cc138699bf537d745a,9dd890a3b933b877aaad4b8cfef1d5c589c46d48e39edb8f936cc75617d345c7,outputs/electrode_coverage_v1/9dd890a3b933b877aaad4b8cfef1d5c589c46d48e39edb8f936cc75617d345c7/stability/59f35a0254ab1e0fe9f5dc2926f7dd5c781b4a1da02f35cc138699bf537d745a/seed30005_1-3-4-5-7.npz,9ec9e5d48630da9c510dee3cd0b12dd6a53bea83a8c5c5ca68fce992b5f271b4,6.397845400002552
1;3;6;7,II;aVR;V1;V2,5,30005,0.913990043895142,0.6840579710144927,0.7988748241912799,0.7070831900048471,0.71449148951884,binary;multiclass,0.9327257110135523,0.6622950819672131,0.7769230769230769,0.5692307692307692,0.9666887125220459,0.8969359331476323,0.8944444444444445,0.9,0.9018276146680815,0.6909090909090909,0.6909090909090909,0.6121212121212121,0.9577836411609498,0.8743169398907104,0.8443271767810027,0.8258575197889182,0.8674958587993374,0.410958904109589,0.36585365853658536,0.3902439024390244,59f35a0254ab1e0fe9f5dc2926f7dd5c781b4a1da02f35cc138699bf537d745a,9dd890a3b933b877aaad4b8cfef1d5c589c46d48e39edb8f936cc75617d345c7,outputs/electrode_coverage_v1/9dd890a3b933b877aaad4b8cfef1d5c589c46d48e39edb8f936cc75617d345c7/stability/59f35a0254ab1e0fe9f5dc2926f7dd5c781b4a1da02f35cc138699bf537d745a/seed30005_1-3-6-7.npz,43c15d2e0702e10b4efcc9da87d2882718df625f9f083d80214cbdc3f0f61677,6.388828600000124
6;7,V1;V2,5,30005,0.8934991049314598,0.6463768115942029,0.7612156295224313,0.6972009122154053,0.700721111124612,binary;multiclass,0.9166921168161863,0.6072607260726073,0.7076923076923077,0.5,0.9627278071722517,0.903954802259887,0.8888888888888888,0.9055555555555556,0.8679401014031364,0.6292834890965732,0.6121212121212121,0.5636363636363636,0.9638659801139728,0.8879892037786775,0.8680738786279684,0.841688654353562,0.8766350602616096,0.45751633986928103,0.4268292682926829,0.47560975609756095,59f35a0254ab1e0fe9f5dc2926f7dd5c781b4a1da02f35cc138699bf537d745a,9dd890a3b933b877aaad4b8cfef1d5c589c46d48e39edb8f936cc75617d345c7,outputs/electrode_coverage_v1/9dd890a3b933b877aaad4b8cfef1d5c589c46d48e39edb8f936cc75617d345c7/stability/59f35a0254ab1e0fe9f5dc2926f7dd5c781b4a1da02f35cc138699bf537d745a/seed30005_6-7.npz,8b801e54979e6e827662517140865e89a75fd6405ab07bbca735309fcbad0362,6.404925900002127
0;1;2;3;4;5;6;7;8;9;10;11,I;II;III;aVR;aVL;aVF;V1;V2;V3;V4;V5;V6,9,30006,0.9150396037175997,0.6985507246376812,0.790436005625879,0.6929519673694261,0.6998845309540977,binary;multiclass,0.9304542851689254,0.6229508196721312,0.7307692307692307,0.5538461538461539,0.9677175191064081,0.9044943820224719,0.8944444444444445,0.9055555555555556,0.9069370750304602,0.6811145510835913,0.6666666666666666,0.593939393939394,0.957129931834223,0.8715846994535519,0.841688654353562,0.820580474934037,0.8644827783172445,0.38461538461538464,0.36585365853658536,0.3170731707317073,59f35a0254ab1e0fe9f5dc2926f7dd5c781b4a1da02f35cc138699bf537d745a,9dd890a3b933b877aaad4b8cfef1d5c589c46d48e39edb8f936cc75617d345c7,outputs/electrode_coverage_v1/9dd890a3b933b877aaad4b8cfef1d5c589c46d48e39edb8f936cc75617d345c7/stability/59f35a0254ab1e0fe9f5dc2926f7dd5c781b4a1da02f35cc138699bf537d745a/seed30006_0-1-2-3-4-5-6-7-8-9-10-11.npz,6db3d00cbe72fff4ec29de46569aca120f82c19648f9a40f13293edc756b42f4,6.39700620000076
0;2;3;4;5;10,I;III;aVR;aVL;aVF;V5,4,30006,0.9155987150248902,0.6985507246376812,0.7854137447405329,0.6797277519792986,0.6896139952745912,binary;multiclass,0.928555067761023,0.6381578947368421,0.7461538461538462,0.5615384615384615,0.9663653733098176,0.8864265927977839,0.8888888888888888,0.9111111111111111,0.9052548834650003,0.664576802507837,0.6424242424242425,0.6181818181818182,0.949849125782201,0.8413793103448276,0.8047493403693932,0.7862796833773087,0.8675958188153309,0.36809815950920244,0.36585365853658536,0.3048780487804878,59f35a0254ab1e0fe9f5dc2926f7dd5c781b4a1da02f35cc138699bf537d745a,9dd890a3b933b877aaad4b8cfef1d5c589c46d48e39edb8f936cc75617d345c7,outputs/electrode_coverage_v1/9dd890a3b933b877aaad4b8cfef1d5c589c46d48e39edb8f936cc75617d345c7/stability/59f35a0254ab1e0fe9f5dc2926f7dd5c781b4a1da02f35cc138699bf537d745a/seed30006_0-2-3-4-5-10.npz,5599dfa76605b5f2e15d775d993e5dbd0ec6d4abd9d323329193a5c71d22e43c,6.375994099995296
0;2;3;5,I;III;aVR;aVF,3,30006,0.9154859118664018,0.6898550724637681,0.7928176795580111,0.6917784354126681,0.7001612775394872,binary;multiclass,0.9288795571673983,0.6600660066006601,0.7692307692307693,0.5923076923076923,0.9661228689006467,0.8815426997245179,0.8888888888888888,0.9055555555555556,0.8989663168651496,0.6809815950920245,0.6727272727272727,0.6484848484848484,0.9513886586168836,0.8579234972677595,0.8284960422163589,0.8073878627968337,0.8736219797795167,0.3783783783783784,0.34146341463414637,0.3780487804878049,59f35a0254ab1e0fe9f5dc2926f7dd5c781b4a1da02f35cc138699bf537d745a,9dd890a3b933b877aaad4b8cfef1d5c589c46d48e39edb8f936cc75617d345c7,outputs/electrode_coverage_v1/9dd890a3b933b877aaad4b8cfef1d5c589c46d48e39edb8f936cc75617d345c7/stability/59f35a0254ab1e0fe9f5dc2926f7dd5c781b4a1da02f35cc138699bf537d745a/seed30006_0-2-3-5.npz,d5e677a1aff1f9e34562e0592fe4cf6c459e243a17aeb26d685058bb898f3236,6.379842599999392
0;3,I;aVR,3,30006,0.9144167341033376,0.6985507246376812,0.7983193277310925,0.6977918785885561,0.7055578467052822,binary;multiclass,0.9287268562702806,0.6426229508196721,0.7538461538461538,0.5538461538461539,0.9659538506760729,0.8808864265927978,0.8833333333333333,0.9055555555555556,0.8984632315371616,0.6956521739130435,0.6787878787878788,0.6545454545454545,0.9501428212768175,0.8645690834473324,0.8337730870712401,0.8047493403693932,0.876106700177072,0.40522875816993464,0.3780487804878049,0.4268292682926829,59f35a0254ab1e0fe9f5dc2926f7dd5c781b4a1da02f35cc138699bf537d745a,9dd890a3b933b877aaad4b8cfef1d5c589c46d48e39edb8f936cc75617d345c7,outputs/electrode_coverage_v1/9dd890a3b933b877aaad4b8cfef1d5c589c46d48e39edb8f936cc75617d345c7/stability/59f35a0254ab1e0fe9f5dc2926f7dd5c781b4a1da02f35cc138699bf537d745a/seed30006_0-3.npz,1252532ad9dbf7996a3dfe5c045e1ef2ed63e339ca988e1a4fb8b3f82696e3bd,6.397794299999077
1,II,2,30006,0.9127148777557076,0.6521739130434783,0.7862068965517242,0.6869578283990188,0.6982647401007656,binary;multiclass,0.9290895209009353,0.6534653465346535,0.7615384615384615,0.6384615384615384,0.9662257495590829,0.8895027624309392,0.8944444444444445,0.9055555555555556,0.8901230200841096,0.6666666666666666,0.6848484848484848,0.593939393939394,0.9425541086578589,0.8435754189944135,0.7968337730870713,0.7968337730870713,0.8498886159821786,0.3815789473684211,0.35365853658536583,0.2926829268292683,59f35a0254ab1e0fe9f5dc2926f7dd5c781b4a1da02f35cc138699bf537d745a,9dd890a3b933b877aaad4b8cfef1d5c589c46d48e39edb8f936cc75617d345c7,outputs/electrode_coverage_v1/9dd890a3b933b877aaad4b8cfef1d5c589c46d48e39edb8f936cc75617d345c7/stability/59f35a0254ab1e0fe9f5dc2926f7dd5c781b4a1da02f35cc138699bf537d745a/seed30006_1.npz,f1e5fb3f811cb9613d1c98454dbfde944fadd002c7c41043e550ddd214aa51cc,6.387290999999095
1;3;4;5;7,II;aVR;aVL;aVF;V2,4,30006,0.9151229799651782,0.7014492753623188,0.7877094972067039,0.69991295456879,0.7088169641886097,binary;multiclass,0.9322580645161289,0.6491803278688525,0.7615384615384615,0.6153846153846154,0.9689447383891829,0.9025069637883009,0.9,0.9,0.9032504028612979,0.6925373134328359,0.703030303030303,0.6121212121212121,0.9563814820253619,0.863448275862069,0.8258575197889182,0.8073878627968337,0.8666390586622493,0.3918918918918919,0.35365853658536583,0.36585365853658536,59f35a0254ab1e0fe9f5dc2926f7dd5c781b4a1da02f35cc138699bf537d745a,9dd890a3b933b877aaad4b8cfef1d5c589c46d48e39edb8f936cc75617d345c7,outputs/electrode_coverage_v1/9dd890a3b933b877aaad4b8cfef1d5c589c46d48e39edb8f936cc75617d345c7/stability/59f35a0254ab1e0fe9f5dc2926f7dd5c781b4a1da02f35cc138699bf537d745a/seed30006_1-3-4-5-7.npz,a02fbe33b1b02bac7ccae56eaaaa6b81f1fba36ff64c8d6a1db5ebbab854d4af,6.401298000004317
1;3;6;7,II;aVR;V1;V2,5,30006,0.9157948944309571,0.6840579710144927,0.7983074753173484,0.6947008155271177,0.7031280064152192,binary;multiclass,0.9327161672074823,0.6430868167202572,0.7692307692307693,0.5769230769230769,0.9682539682539683,0.8938547486033519,0.8888888888888888,0.9,0.9030617458633023,0.6727272727272727,0.6727272727272727,0.6181818181818182,0.9578689075948708,0.8665749656121046,0.8311345646437994,0.8284960422163589,0.8676529388244701,0.3972602739726027,0.35365853658536583,0.3780487804878049,59f35a0254ab1e0fe9f5dc2926f7dd5c781b4a1da02f35cc138699bf537d745a,9dd890a3b933b877aaad4b8cfef1d5c589c46d48e39edb8f936cc75617d345c7,outputs/electrode_coverage_v1/9dd890a3b933b877aaad4b8cfef1d5c589c46d48e39edb8f936cc75617d345c7/stability/59f35a0254ab1e0fe9f5dc2926f7dd5c781b4a1da02f35cc138699bf537d745a/seed30006_1-3-6-7.npz,d83d59cd9d43a8ab60e3f6f4306801855f7732b46d4a21c2d2912af6f979f1ad,6.390610900001775
6;7,V1;V2,5,30006,0.8935971946344933,0.6405797101449275,0.7612156295224313,0.6947209905533036,0.6996657021536357,binary;multiclass,0.9155564038938729,0.6032786885245902,0.7076923076923077,0.5230769230769231,0.963073192239859,0.898876404494382,0.8888888888888888,0.9055555555555556,0.8690877648076092,0.63125,0.6121212121212121,0.5515151515151515,0.9630512119676177,0.8885869565217391,0.862796833773087,0.862796833773087,0.8718369794939167,0.45161290322580644,0.4268292682926829,0.4268292682926829,59f35a0254ab1e0fe9f5dc2926f7dd5c781b4a1da02f35cc138699bf537d745a,9dd890a3b933b877aaad4b8cfef1d5c589c46d48e39edb8f936cc75617d345c7,outputs/electrode_coverage_v1/9dd890a3b933b877aaad4b8cfef1d5c589c46d48e39edb8f936cc75617d345c7/stability/59f35a0254ab1e0fe9f5dc2926f7dd5c781b4a1da02f35cc138699bf537d745a/seed30006_6-7.npz,9f0e005e599834146f5c1ccf4463c514df0389f38c6e0f4f7cf2c3be24925856,6.395013599998492
0;1;2;3;4;5;6;7;8;9;10;11,I;II;III;aVR;aVL;aVF;V1;V2;V3;V4;V5;V6,9,30007,0.9148139974006229,0.7014492753623188,0.7871148459383753,0.6968634474766661,0.7039085349227572,binary;multiclass,0.9306451612903226,0.6308724832214765,0.7230769230769231,0.5384615384615384,0.9665270429159318,0.8994413407821229,0.8944444444444445,0.9111111111111111,0.90694493573871,0.6788990825688074,0.6727272727272727,0.6,0.9580773366555662,0.8700410396716827,0.8390501319261213,0.820580474934037,0.8631690181070429,0.4050632911392405,0.3902439024390244,0.3170731707317073,59f35a0254ab1e0fe9f5dc2926f7dd5c781b4a1da02f35cc138699bf537d745a,9dd890a3b933b877aaad4b8cfef1d5c589c46d48e39edb8f936cc75617d345c7,outputs/electrode_coverage_v1/9dd890a3b933b877aaad4b8cfef1d5c589c46d48e39edb8f936cc75617d345c7/stability/59f35a0254ab1e0fe9f5dc2926f7dd5c781b4a1da02f35cc138699bf537d745a/seed30007_0-1-2-3-4-5-6-7-8-9-10-11.npz,4ea5df835fa0dd19be09cefa8d3345c8d5bafb5c06f827514bdad1f0bf8931d2,6.40113630000269
0;2;3;4;5;10,I;III;aVR;aVL;aVF;V5,4,30007,0.9161185904509676,0.7014492753623188,0.7832167832167832,0.7006634378266167,0.7098943130933606,binary;multiclass,0.9288509257491888,0.6466666666666666,0.7461538461538462,0.5307692307692308,0.9658877131099353,0.8919667590027701,0.8944444444444445,0.9111111111111111,0.9056715010022404,0.6728971962616822,0.6545454545454545,0.6,0.9511139112186943,0.8500687757909215,0.8153034300791556,0.7994722955145118,0.8713371794139486,0.44171779141104295,0.43902439024390244,0.3780487804878049,59f35a0254ab1e0fe9f5dc2926f7dd5c781b4a1da02f35cc138699bf537d745a,9dd890a3b933b877aaad4b8cfef1d5c589c46d48e39edb8f936cc75617d345c7,outputs/electrode_coverage_v1/9dd890a3b933b877aaad4b8cfef1d5c589c46d48e39edb8f936cc75617d345c7/stability/59f35a0254ab1e0fe9f5dc2926f7dd5c781b4a1da02f35cc138699bf537d745a/seed30007_0-2-3-4-5-10.npz,d4e4ce509df7bce2e4231bb81ef98eb896ae23f4c00311df0bb4257a1aac88e9,6.38982709999982
0;2;3;5,I;III;aVR;aVF,3,30007,0.9158733661933838,0.6695652173913044,0.7977839335180056,0.6905047591704135,0.6990365945414533,binary;multiclass,0.9293090284405421,0.6490066225165563,0.7538461538461538,0.5615384615384615,0.9666813639035862,0.8821917808219178,0.8944444444444445,0.9,0.8993750736941398,0.6807228915662651,0.6848484848484848,0.6303030303030303,0.9521086862811045,0.8543956043956044,0.820580474934037,0.7994722955145118,0.8733649397383904,0.38620689655172413,0.34146341463414637,0.3902439024390244,59f35a0254ab1e0fe9f5dc2926f7dd5c781b4a1da02f35cc138699bf537d745a,9dd890a3b933b877aaad4b8cfef1d5c589c46d48e39edb8f936cc75617d345c7,outputs/electrode_coverage_v1/9dd890a3b933b877aaad4b8cfef1d5c589c46d48e39edb8f936cc75617d345c7/stability/59f35a0254ab1e0fe9f5dc2926f7dd5c781b4a1da02f35cc138699bf537d745a/seed30007_0-2-3-5.npz,4be24d85f2d11a0d0e8d7590cc4fdd9ea481161bb75eac02331888cdf140c7c6,6.411161199997878
0;3,I;aVR,3,30007,0.9143088354300006,0.6927536231884058,0.7893258426966292,0.6971802462041758,0.7065387338062542,binary;multiclass,0.9295667112044284,0.6472491909385113,0.7692307692307693,0.5692307692307692,0.9665270429159318,0.8808864265927978,0.8833333333333333,0.9,0.8984946743701607,0.6853582554517134,0.6666666666666666,0.6303030303030303,0.9506402088080227,0.859504132231405,0.8232189973614775,0.8073878627968337,0.8760067401610784,0.4129032258064516,0.3902439024390244,0.3780487804878049,59f35a0254ab1e0fe9f5dc2926f7dd5c781b4a1da02f35cc138699bf537d745a,9dd890a3b933b877aaad4b8cfef1d5c589c46d48e39edb8f936cc75617d345c7,outputs/electrode_coverage_v1/9dd890a3b933b877aaad4b8cfef1d5c589c46d48e39edb8f936cc75617d345c7/stability/59f35a0254ab1e0fe9f5dc2926f7dd5c781b4a1da02f35cc138699bf537d745a/seed30007_0-3.npz,f797743ac502f14992c7f46a7c78b699ff83e893563664b272a6e0b3ee5f1821,6.397896700000274
1,II,2,30007,0.9113318129429363,0.6550724637681159,0.7811634349030471,0.6886299098140185,0.6995609173059458,binary;multiclass,0.9289463638098875,0.6601307189542484,0.7769230769230769,0.6615384615384615,0.9663947677836565,0.8938547486033519,0.8888888888888888,0.9055555555555556,0.8891011280116339,0.6567164179104478,0.6666666666666666,0.5818181818181818,0.9424498941275113,0.8428372739916551,0.7994722955145118,0.7994722955145118,0.8454618152738904,0.38961038961038963,0.36585365853658536,0.34146341463414637,59f35a0254ab1e0fe9f5dc2926f7dd5c781b4a1da02f35cc138699bf537d745a,9dd890a3b933b877aaad4b8cfef1d5c589c46d48e39edb8f936cc75617d345c7,outputs/electrode_coverage_v1/9dd890a3b933b877aaad4b8cfef1d5c589c46d48e39edb8f936cc75617d345c7/stability/59f35a0254ab1e0fe9f5dc2926f7dd5c781b4a1da02f35cc138699bf537d745a/seed30007_1.npz,64eb47277127dc866ed3c8eb6b48d68fb08d60412117ce6a4b5da69cdb564236,6.394647300003271
1;3;4;5;7,II;aVR;aVL;aVF;V2,4,30007,0.914961131955173,0.6782608695652174,0.7938718662952646,0.6904569944423609,0.6990831125814072,binary;multiclass,0.9314277533880511,0.6336633663366337,0.7384615384615385,0.6,0.9676219870664314,0.8895027624309392,0.8944444444444445,0.9,0.9033997563180444,0.6846846846846847,0.6909090909090909,0.6060606060606061,0.9557088246022083,0.8551724137931035,0.8179419525065963,0.8021108179419525,0.8654680984748958,0.38926174496644295,0.35365853658536583,0.3780487804878049,59f35a0254ab1e0fe9f5dc2926f7dd5c781b4a1da02f35cc138699bf537d745a,9dd890a3b933b877aaad4b8cfef1d5c589c46d48e39edb8f936cc75617d345c7,outputs/electrode_coverage_v1/9dd890a3b933b877aaad4b8cfef1d5c589c46d48e39edb8f936cc75617d345c7/stability/59f35a0254ab1e0fe9f5dc2926f7dd5c781b4a1da02f35cc138699bf537d745a/seed30007_1-3-4-5-7.npz,7bf4adae43917430e515482f518fc051f18b70d5bb01e4c0d3385dce8a4eb2c0,6.3872600000031525
1;3;6;7,II;aVR;V1;V2,5,30007,0.9151082665097231,0.6869565217391305,0.7982954545454546,0.7003331225353822,0.7082483395289881,binary;multiclass,0.931790418018706,0.6428571428571429,0.7615384615384615,0.5846153846153846,0.9668577307466195,0.8944444444444445,0.8944444444444445,0.9,0.9028416460323074,0.6867469879518072,0.6909090909090909,0.6242424242424243,0.957632056389535,0.8638239339752407,0.8284960422163589,0.820580474934037,0.8644399383103902,0.41379310344827586,0.36585365853658536,0.3780487804878049,59f35a0254ab1e0fe9f5dc2926f7dd5c781b4a1da02f35cc138699bf537d745a,9dd890a3b933b877aaad4b8cfef1d5c589c46d48e39edb8f936cc75617d345c7,outputs/electrode_coverage_v1/9dd890a3b933b877aaad4b8cfef1d5c589c46d48e39edb8f936cc75617d345c7/stability/59f35a0254ab1e0fe9f5dc2926f7dd5c781b4a1da02f35cc138699bf537d745a/seed30007_1-3-6-7.npz,6235e21852e2e0ade2b969047203eadf90b07cce24abda1929325a84e327e147,6.3944106999988435
6;7,V1;V2,5,30007,0.8957012187645601,0.6434782608695652,0.7716763005780347,0.7048024077844878,0.7098882041941441,binary;multiclass,0.9151078450085894,0.6123778501628665,0.7230769230769231,0.5076923076923077,0.9617871840094062,0.903954802259887,0.8888888888888888,0.9111111111111111,0.8705812993750737,0.6435331230283912,0.6181818181818182,0.5696969696969697,0.9641170423916288,0.89280868385346,0.8680738786279684,0.8548812664907651,0.874307419889187,0.4713375796178344,0.45121951219512196,0.5,59f35a0254ab1e0fe9f5dc2926f7dd5c781b4a1da02f35cc138699bf537d745a,9dd890a3b933b877aaad4b8cfef1d5c589c46d48e39edb8f936cc75617d345c7,outputs/electrode_coverage_v1/9dd890a3b933b877aaad4b8cfef1d5c589c46d48e39edb8f936cc75617d345c7/stability/59f35a0254ab1e0fe9f5dc2926f7dd5c781b4a1da02f35cc138699bf537d745a/seed30007_6-7.npz,f09267228b1c9140367543ea2fd89b9528b9dfb868ffa8a495f7e5573ad3215a,6.389823800003796
0;1;2;3;4;5;6;7;8;9;10;11,I;II;III;aVR;aVL;aVF;V1;V2;V3;V4;V5;V6,9,30008,0.9143088354300009,0.7043478260869566,0.7949438202247191,0.6882932784537569,0.6941801351718334,binary;multiclass,0.9311414392059554,0.6312292358803987,0.7307692307692307,0.5461538461538461,0.9668577307466196,0.9044943820224719,0.8944444444444445,0.9055555555555556,0.9075109067326965,0.6625,0.6424242424242425,0.6,0.9566704404958717,0.871447902571042,0.8496042216358839,0.8337730870712401,0.8624692979950878,0.3717948717948718,0.35365853658536583,0.3048780487804878,59f35a0254ab1e0fe9f5dc2926f7dd5c781b4a1da02f35cc138699bf537d745a,9dd890a3b933b877aaad4b8cfef1d5c589c46d48e39edb8f936cc75617d345c7,outputs/electrode_coverage_v1/9dd890a3b933b877aaad4b8cfef1d5c589c46d48e39edb8f936cc75617d345c7/stability/59f35a0254ab1e0fe9f5dc2926f7dd5c781b4a1da02f35cc138699bf537d745a/seed30008_0-1-2-3-4-5-6-7-8-9-10-11.npz,eec40c01db4cb578e96b115b12d1a5e99252a2ab9dd97fe0d9747ade623ef65b,6.388878800004022
0;2;3;4;5;10,I;III;aVR;aVL;aVF;V5,4,30008,0.9142597905784842,0.6956521739130435,0.782608695652174,0.6876937326236586,0.6950397783495152,binary;multiclass,0.9299007444168734,0.6305084745762712,0.7153846153846154,0.5461538461538461,0.9650058788947677,0.8895027624309392,0.8944444444444445,0.9055555555555556,0.9063711040364737,0.6687306501547987,0.6545454545454545,0.6242424242424243,0.9491812053831542,0.8497267759562842,0.820580474934037,0.7915567282321899,0.8657822585251613,0.4,0.3902439024390244,0.34146341463414637,59f35a0254ab1e0fe9f5dc2926f7dd5c781b4a1da02f35cc138699bf537d745a,9dd890a3b933b877aaad4b8cfef1d5c589c46d48e39edb8f936cc75617d345c7,outputs/electrode_coverage_v1/9dd890a3b933b877aaad4b8cfef1d5c589c46d48e39edb8f936cc75617d345c7/stability/59f35a0254ab1e0fe9f5dc2926f7dd5c781b4a1da02f35cc138699bf537d745a/seed30008_0-2-3-4-5-10.npz,90d315dceb713bb2665858f79f7e09440e87787beea5031ba19c55710b628ae1,6.393709799995122
0;2;3;5,I;III;aVR;aVF,3,30008,0.9143873071924276,0.7014492753623188,0.7877947295423023,0.7028680644302753,0.7092083362647749,binary;multiclass,0.9300725329261309,0.6423841059602649,0.7461538461538462,0.5692307692307692,0.9656231628453851,0.8870523415977961,0.8944444444444445,0.9,0.9002397516016194,0.6956521739130435,0.6787878787878788,0.6484848484848484,0.9513223402793898,0.8625850340136054,0.8364116094986808,0.8021108179419525,0.8727366196378592,0.4266666666666667,0.3902439024390244,0.45121951219512196,59f35a0254ab1e0fe9f5dc2926f7dd5c781b4a1da02f35cc138699bf537d745a,9dd890a3b933b877aaad4b8cfef1d5c589c46d48e39edb8f936cc75617d345c7,outputs/electrode_coverage_v1/9dd890a3b933b877aaad4b8cfef1d5c589c46d48e39edb8f936cc75617d345c7/stability/59f35a0254ab1e0fe9f5dc2926f7dd5c781b4a1da02f35cc138699bf537d745a/seed30008_0-2-3-5.npz,7402c26a83dfb790193916d970a501db0c950fc8e713c66f9c0f4b401774780e,6.398254499996256
0;3,I;aVR,3,30008,0.9135192133205817,0.6985507246376812,0.7854137447405329,0.6932563010440436,0.7002672294634453,binary;multiclass,0.9308074059935103,0.627831715210356,0.7461538461538462,0.5692307692307692,0.9664902998236332,0.8864265927977839,0.8888888888888888,0.9055555555555556,0.9006878119718588,0.6832298136645962,0.6666666666666666,0.6242424242424243,0.9503749354580465,0.8633879781420765,0.8337730870712401,0.8153034300791556,0.8734220597475295,0.40540540540540543,0.36585365853658536,0.4268292682926829,59f35a0254ab1e0fe9f5dc2926f7dd5c781b4a1da02f35cc138699bf537d745a,9dd890a3b933b877aaad4b8cfef1d5c589c46d48e39edb8f936cc75617d345c7,outputs/electrode_coverage_v1/9dd890a3b933b877aaad4b8cfef1d5c589c46d48e39edb8f936cc75617d345c7/stability/59f35a0254ab1e0fe9f5dc2926f7dd5c781b4a1da02f35cc138699bf537d745a/seed30008_0-3.npz,d36675807c1898fdc6dd24ac9d7284ceefe5811885ab10be90a37f29442800b8,6.401250399998389
1,II,2,30008,0.9125530297457025,0.6492753623188405,0.7846364883401921,0.6913329893360853,0.7017145215439828,binary;multiclass,0.9298721129986639,0.6666666666666666,0.7692307692307693,0.6692307692307692,0.9656966490299824,0.8944444444444445,0.8944444444444445,0.9,0.8916401367763236,0.6647058823529411,0.6848484848484848,0.593939393939394,0.9433451916836805,0.8361111111111111,0.7941952506596306,0.783641160949868,0.8460330153652824,0.39473684210526316,0.36585365853658536,0.34146341463414637,59f35a0254ab1e0fe9f5dc2926f7dd5c781b4a1da02f35cc138699bf537d745a,9dd890a3b933b877aaad4b8cfef1d5c589c46d48e39edb8f936cc75617d345c7,outputs/electrode_coverage_v1/9dd890a3b933b877aaad4b8cfef1d5c589c46d48e39edb8f936cc75617d345c7/stability/59f35a0254ab1e0fe9f5dc2926f7dd5c781b4a1da02f35cc138699bf537d745a/seed30008_1.npz,beb4c9d11edffec6d08f38c6852bbc2f933c4cd46b9fed8406237f128b6936f4,6.393780599995807
1;3;4;5;7,II;aVR;aVL;aVF;V2,4,30008,0.9140096618357487,0.6985507246376812,0.7922437673130194,0.6980201550789785,0.7059244511628834,binary;multiclass,0.9323535025768277,0.6405228758169934,0.7538461538461538,0.6153846153846154,0.9671443268665493,0.9,0.9,0.9,0.9038792595212829,0.6787878787878788,0.6787878787878788,0.6060606060606061,0.9548845824076398,0.8653846153846154,0.8311345646437994,0.8126649076517151,0.8643256982921117,0.40540540540540543,0.36585365853658536,0.3780487804878049,59f35a0254ab1e0fe9f5dc2926f7dd5c781b4a1da02f35cc138699bf537d745a,9dd890a3b933b877aaad4b8cfef1d5c589c46d48e39edb8f936cc75617d345c7,outputs/electrode_coverage_v1/9dd890a3b933b877aaad4b8cfef1d5c589c46d48e39edb8f936cc75617d345c7/stability/59f35a0254ab1e0fe9f5dc2926f7dd5c781b4a1da02f35cc138699bf537d745a/seed30008_1-3-4-5-7.npz,95c80f74a8c57bd1534faca87a846b9deac5acddd2907df63744da0bbd3df647,6.388946700004453
1;3;6;7,II;aVR;V1;V2,5,30008,0.9147453346084995,0.6898550724637681,0.7937853107344632,0.7063264966155509,0.7133350704468537,binary;multiclass,0.9330979194502766,0.6558441558441559,0.7769230769230769,0.5769230769230769,0.9670781893004116,0.9025069637883009,0.9,0.9,0.902904531698306,0.6848484848484848,0.6848484848484848,0.6181818181818182,0.9561398937959196,0.8688524590163934,0.8390501319261213,0.8337730870712401,0.863940138230422,0.4195804195804196,0.36585365853658536,0.3780487804878049,59f35a0254ab1e0fe9f5dc2926f7dd5c781b4a1da02f35cc138699bf537d745a,9dd890a3b933b877aaad4b8cfef1d5c589c46d48e39edb8f936cc75617d345c7,outputs/electrode_coverage_v1/9dd890a3b933b877aaad4b8cfef1d5c589c46d48e39edb8f936cc75617d345c7/stability/59f35a0254ab1e0fe9f5dc2926f7dd5c781b4a1da02f35cc138699bf537d745a/seed30008_1-3-6-7.npz,a288fbd46433fa2ebf710d05bf78b736355869ab14a395dac82da508c7fe4832,6.404611799996928
6;7,V1;V2,5,30008,0.8932784030996347,0.6347826086956522,0.7619047619047619,0.6978715808867226,0.7031711857369879,binary;multiclass,0.9169307119679329,0.6098360655737705,0.7153846153846154,0.5307692307692308,0.9626616696061141,0.9044943820224719,0.8944444444444445,0.9055555555555556,0.8699681641315884,0.6234567901234568,0.6121212121212121,0.5393939393939394,0.9621890735801955,0.8840381991814461,0.8548812664907651,0.8496042216358839,0.8747786599645855,0.4675324675324675,0.43902439024390244,0.47560975609756095,59f35a0254ab1e0fe9f5dc2926f7dd5c781b4a1da02f35cc138699bf537d745a,9dd890a3b933b877aaad4b8cfef1d5c589c46d48e39edb8f936cc75617d345c7,outputs/electrode_coverage_v1/9dd890a3b933b877aaad4b8cfef1d5c589c46d48e39edb8f936cc75617d345c7/stability/59f35a0254ab1e0fe9f5dc2926f7dd5c781b4a1da02f35cc138699bf537d745a/seed30008_6-7.npz,83f26dbc1e18cfbd7fe4f2e413b136c9899ab61de981300157b484da9ddc60fc,6.418784200002847
0;1;2;3;4;5;6;7;8;9;10;11,I;II;III;aVR;aVL;aVF;V1;V2;V3;V4;V5;V6,9,30009,0.9146962897569827,0.7043478260869566,0.7887323943661971,0.6907878570468068,0.6971952482094705,binary;multiclass,0.9293567474708915,0.609271523178808,0.7076923076923077,0.5538461538461539,0.9668062904174015,0.8994413407821229,0.8944444444444445,0.9055555555555556,0.9068506072397124,0.6687306501547987,0.6545454545454545,0.5757575757575758,0.9564809595316031,0.8688524590163934,0.8390501319261213,0.8232189973614775,0.8622836579653852,0.40764331210191085,0.3902439024390244,0.34146341463414637,59f35a0254ab1e0fe9f5dc2926f7dd5c781b4a1da02f35cc138699bf537d745a,9dd890a3b933b877aaad4b8cfef1d5c589c46d48e39edb8f936cc75617d345c7,outputs/electrode_coverage_v1/9dd890a3b933b877aaad4b8cfef1d5c589c46d48e39edb8f936cc75617d345c7/stability/59f35a0254ab1e0fe9f5dc2926f7dd5c781b4a1da02f35cc138699bf537d745a/seed30009_0-1-2-3-4-5-6-7-8-9-10-11.npz,05c21107453cde0b5f83abaeb335fd6e65e30ce02a4ebe856b991446059cf9a6,6.382456599996658
0;2;3;4;5;10,I;III;aVR;aVL;aVF;V5,4,30009,0.9151818337869982,0.6927536231884058,0.7883008356545961,0.6845969707771371,0.6936678691952519,binary;multiclass,0.9265699560984921,0.6440677966101694,0.7307692307692307,0.5384615384615384,0.9650793650793651,0.8864265927977839,0.8888888888888888,0.9055555555555556,0.904885430177259,0.6687116564417178,0.6606060606060606,0.6,0.9501901915178846,0.8457300275482094,0.8100263852242744,0.7915567282321899,0.8674815787970527,0.3780487804878049,0.3780487804878049,0.35365853658536583,59f35a0254ab1e0fe9f5dc2926f7dd5c781b4a1da02f35cc138699bf537d745a,9dd890a3b933b877aaad4b8cfef1d5c589c46d48e39edb8f936cc75617d345c7,outputs/electrode_coverage_v1/9dd890a3b933b877aaad4b8cfef1d5c589c46d48e39edb8f936cc75617d345c7/stability/59f35a0254ab1e0fe9f5dc2926f7dd5c781b4a1da02f35cc138699bf537d745a/seed30009_0-2-3-4-5-10.npz,b39db3bdb3bb357413da43ce43a3ab0058596699024c7de02cad7ef207d173e9,6.384249299997464
0;2;3;5,I;III;aVR;aVF,3,30009,0.9150739351136614,0.6898550724637681,0.7900552486187845,0.6859225006786717,0.6917288509804116,binary;multiclass,0.926923076923077,0.6333333333333333,0.7307692307692307,0.5923076923076923,0.9647192827748384,0.8784530386740331,0.8833333333333333,0.9055555555555556,0.8984946743701608,0.668693009118541,0.6666666666666666,0.6363636363636364,0.9518907831721957,0.8602442333785617,0.8364116094986808,0.7994722955145118,0.866453418632547,0.3888888888888889,0.34146341463414637,0.4146341463414634,59f35a0254ab1e0fe9f5dc2926f7dd5c781b4a1da02f35cc138699bf537d745a,9dd890a3b933b877aaad4b8cfef1d5c589c46d48e39edb8f936cc75617d345c7,outputs/electrode_coverage_v1/9dd890a3b933b877aaad4b8cfef1d5c589c46d48e39edb8f936cc75617d345c7/stability/59f35a0254ab1e0fe9f5dc2926f7dd5c781b4a1da02f35cc138699bf537d745a/seed30009_0-2-3-5.npz,71996d44a7beb1da11413a46734b385b2ec634f18daec5521b3509a331789771,6.3779149999973015
0;3,I;aVR,3,30009,0.9134701684690649,0.6898550724637681,0.7876230661040787,0.70498934123408,0.7113829763775062,binary;multiclass,0.927810650887574,0.6354515050167224,0.7307692307692307,0.5538461538461539,0.9646164021164021,0.888268156424581,0.8833333333333333,0.9055555555555556,0.8979051212514247,0.6848484848484848,0.6848484848484848,0.6121212121212121,0.9500196586500429,0.8618331053351573,0.8311345646437994,0.8100263852242744,0.8686810989889758,0.45454545454545453,0.4268292682926829,0.4024390243902439,59f35a0254ab1e0fe9f5dc2926f7dd5c781b4a1da02f35cc138699bf537d745a,9dd890a3b933b877aaad4b8cfef1d5c589c46d48e39edb8f936cc75617d345c7,outputs/electrode_coverage_v1/9dd890a3b933b877aaad4b8cfef1d5c589c46d48e39edb8f936cc75617d345c7/stability/59f35a0254ab1e0fe9f5dc2926f7dd5c781b4a1da02f35cc138699bf537d745a/seed30009_0-3.npz,e1f86d07677fc84e786d03c30edba378c1266490e83d601b1b2acfe5fe42ace9,6.3863775999998325
1,II,2,30009,0.9110179258932295,0.6608695652173913,0.7900552486187845,0.6801758332257807,0.6918164937078638,binary;multiclass,0.9284596297003246,0.6600660066006601,0.7692307692307693,0.6538461538461539,0.9634773662551441,0.8944444444444445,0.8944444444444445,0.9055555555555556,0.8880713752309083,0.6470588235294118,0.6666666666666666,0.5636363636363636,0.943553620744376,0.8463687150837989,0.7994722955145118,0.7968337730870713,0.8506597361055578,0.35294117647058826,0.32926829268292684,0.2926829268292683,59f35a0254ab1e0fe9f5dc2926f7dd5c781b4a1da02f35cc138699bf537d745a,9dd890a3b933b877aaad4b8cfef1d5c589c46d48e39edb8f936cc75617d345c7,outputs/electrode_coverage_v1/9dd890a3b933b877aaad4b8cfef1d5c589c46d48e39edb8f936cc75617d345c7/stability/59f35a0254ab1e0fe9f5dc2926f7dd5c781b4a1da02f35cc138699bf537d745a/seed30009_1.npz,5147aec7335f406b3a846f098ce7681d81bdb7a6a69436457e662953cb73c4fe,6.381271500002185
1;3;4;5;7,II;aVR;aVL;aVF;V2,4,30009,0.9146423404203143,0.7014492753623188,0.7877947295423023,0.6982935194603545,0.7054340806171683,binary;multiclass,0.9313132277152127,0.632996632996633,0.7230769230769231,0.6076923076923076,0.9678497942386831,0.8969359331476323,0.8944444444444445,0.9,0.9027551782415595,0.6805970149253732,0.6909090909090909,0.6181818181818182,0.9558083021084494,0.8626373626373627,0.8284960422163589,0.8073878627968337,0.8644399383103901,0.41830065359477125,0.3902439024390244,0.4024390243902439,59f35a0254ab1e0fe9f5dc2926f7dd5c781b4a1da02f35cc138699bf537d745a,9dd890a3b933b877aaad4b8cfef1d5c589c46d48e39edb8f936cc75617d345c7,outputs/electrode_coverage_v1/9dd890a3b933b877aaad4b8cfef1d5c589c46d48e39edb8f936cc75617d345c7/stability/59f35a0254ab1e0fe9f5dc2926f7dd5c781b4a1da02f35cc138699bf537d745a/seed30009_1-3-4-5-7.npz,fbc16d9ac7177aab76963c5869c51f33b5661b7337e896c27edf78a87a856ed2,6.388051499998255
1;3;6;7,II;aVR;V1;V2,5,30009,0.9154172490742785,0.6869565217391305,0.7943661971830986,0.7061017048567713,0.7135121625198206,binary;multiclass,0.93082649360565,0.6470588235294118,0.7615384615384615,0.6076923076923076,0.9671884185773075,0.8969359331476323,0.8944444444444445,0.9,0.9024957748693158,0.676829268292683,0.6727272727272727,0.6060606060606061,0.9573525719672388,0.869684499314129,0.8364116094986808,0.8284960422163589,0.8649968583994974,0.44,0.4024390243902439,0.36585365853658536,59f35a0254ab1e0fe9f5dc2926f7dd5c781b4a1da02f35cc138699bf537d745a,9dd890a3b933b877aaad4b8cfef1d5c589c46d48e39edb8f936cc75617d345c7,outputs/electrode_coverage_v1/9dd890a3b933b877aaad4b8cfef1d5c589c46d48e39edb8f936cc75617d345c7/stability/59f35a0254ab1e0fe9f5dc2926f7dd5c781b4a1da02f35cc138699bf537d745a/seed30009_1-3-6-7.npz,b4265052f6a0b891d1ec908da280926e72911892a5eb5aca147aa3c3a2ba1d77,6.407253299999866
6;7,V1;V2,5,30009,0.8937737560999535,0.6492753623188405,0.7685714285714286,0.6952234396663888,0.7002638907452602,binary;multiclass,0.9151937392632183,0.6072607260726073,0.7076923076923077,0.5384615384615384,0.9621913580246914,0.9019607843137255,0.8944444444444445,0.9055555555555556,0.8699209998820894,0.6206896551724138,0.6,0.5575757575757576,0.9637001842702378,0.8846675712347354,0.8601583113456465,0.8496042216358839,0.8737219397955104,0.46153846153846156,0.43902439024390244,0.4634146341463415,59f35a0254ab1e0fe9f5dc2926f7dd5c781b4a1da02f35cc138699bf537d745a,9dd890a3b933b877aaad4b8cfef1d5c589c46d48e39edb8f936cc75617d345c7,outputs/electrode_coverage_v1/9dd890a3b933b877aaad4b8cfef1d5c589c46d48e39edb8f936cc75617d345c7/stability/59f35a0254ab1e0fe9f5dc2926f7dd5c781b4a1da02f35cc138699bf537d745a/seed30009_6-7.npz,61e80a98a5f246991ef6b96c198f8857ddc47f8d512a1863e369531ec7aeb261,6.403526800000691
