model,leads,seed,binary_auroc,sens_at_95sp,f1_at_05,macro_f1,macro_sensitivity,measurable,auroc_nsr,f1_nsr,sensitivity_nsr,sens95_nsr,auroc_af,f1_af,sensitivity_af,sens95_af,auroc_ischemia,f1_ischemia,sensitivity_ischemia,sens95_ischemia,auroc_conduction,f1_conduction,sensitivity_conduction,sens95_conduction,auroc_ectopy,f1_ectopy,sensitivity_ectopy,sens95_ectopy
P1_a07,0;1;2;3;4;5;6;7;8;9;10;11,10000,0.9150935530542681,0.6956521739130435,0.7921348314606742,0.6852578753595073,0.6921158352698349,binary;multiclass,0.9304256537507158,0.62,0.7153846153846154,0.5230769230769231,0.9680114638447972,0.9019607843137255,0.8944444444444445,0.9055555555555556,0.9065125967849702,0.6584615384615384,0.6484848484848484,0.6121212121212121,0.9575325788832939,0.8661202185792349,0.8364116094986808,0.8284960422163589,0.8610270177643229,0.379746835443038,0.36585365853658536,0.3048780487804878
P1_a07,0;1;2;3;4;5;6;7;8;9;10;11,10001,0.9149169915888079,0.7072463768115942,0.7887323943661971,0.6902069200400576,0.6968076078771748,binary;multiclass,0.9299961824775721,0.6138613861386139,0.7153846153846154,0.5461538461538461,0.9667695473251029,0.9019607843137255,0.8944444444444445,0.9055555555555556,0.9077388672719412,0.6790123456790124,0.6666666666666666,0.6060606060606061,0.9575657380520409,0.8715846994535519,0.841688654353562,0.8232189973614775,0.8634546181527388,0.38461538461538464,0.36585365853658536,0.34146341463414637
P1_a07,0;1;2;3;4;5;6;7;8;9;10;11,10002,0.9142990264596973,0.6927536231884058,0.7960618846694796,0.6869393971596491,0.6943239315689279,binary;multiclass,0.9299770948654325,0.6204620462046204,0.7230769230769231,0.5230769230769231,0.9667181069958849,0.8994413407821229,0.8944444444444445,0.9111111111111111,0.9070078214047085,0.6748466257668712,0.6666666666666666,0.5818181818181818,0.95714887993065,0.8657534246575342,0.8337730870712401,0.820580474934037,0.860727137716342,0.3741935483870968,0.35365853658536583,0.3048780487804878
P1_a07,0;1;2;3;4;5;6;7;8;9;10;11,10003,0.9158292258270189,0.7101449275362319,0.7955182072829131,0.6871982660604279,0.693372608399959,binary;multiclass,0.9304256537507158,0.6133333333333333,0.7076923076923077,0.5384615384615384,0.9673794826572604,0.8994413407821229,0.8944444444444445,0.9055555555555556,0.9080611563101836,0.6666666666666666,0.6545454545454545,0.6060606060606061,0.9569878211110217,0.8719346049046321,0.8443271767810027,0.8284960422163589,0.8639972582395613,0.38461538461538464,0.36585365853658536,0.2926829268292683
P1_a07,0;1;2;3;4;5;6;7;8;9;10;11,10004,0.9152406876088184,0.7014492753623188,0.788218793828892,0.6935432337156949,0.7005837296467324,binary;multiclass,0.9303588471082267,0.6312292358803987,0.7307692307692307,0.5307692307692308,0.966277189888301,0.9019607843137255,0.8944444444444445,0.9055555555555556,0.9068270251149629,0.6707692307692308,0.6606060606060606,0.5878787878787879,0.957281516605638,0.8688524590163934,0.8390501319261213,0.8153034300791556,0.8583852173416348,0.39490445859872614,0.3780487804878049,0.3048780487804878
P1_a07,0;1;2;3;4;5;6;7;8;9;10;11,10005,0.9149218960739596,0.6985507246376812,0.7932011331444759,0.6948569297310916,0.7006748996046891,binary;multiclass,0.9309887383088377,0.6195286195286195,0.7076923076923077,0.5769230769230769,0.966960611405056,0.8994413407821229,0.8944444444444445,0.9111111111111111,0.9053649333804976,0.676923076923077,0.6666666666666666,0.6060606060606061,0.957565738052041,0.8707482993197279,0.8443271767810027,0.8232189973614775,0.8613982978237276,0.40764331210191085,0.3902439024390244,0.34146341463414637
P1_a07,0;1;2;3;4;5;6;7;8;9;10;11,10006,0.914632531450011,0.6985507246376812,0.7983074753173484,0.7037363312433171,0.7108527497271947,binary;multiclass,0.9315518228669593,0.6333333333333333,0.7307692307692307,0.5615384615384615,0.9668650793650794,0.9044943820224719,0.8944444444444445,0.9055555555555556,0.9066698109499666,0.683076923076923,0.6727272727272727,0.5818181818181818,0.9571157207619029,0.8727770177838577,0.841688654353562,0.8337730870712401,0.8644113783058205,0.425,0.4146341463414634,0.34146341463414637
P1_a07,0;1;2;3;4;5;6;7;8;9;10;11,10007,0.915662473331862,0.6956521739130435,0.7905027932960894,0.6903270053422554,0.697133948203515,binary;multiclass,0.931303683909143,0.6287625418060201,0.7230769230769231,0.5461538461538461,0.9675999412110524,0.9019607843137255,0.8944444444444445,0.9111111111111111,0.9071335927367057,0.6707692307692308,0.6606060606060606,0.6060606060606061,0.957362046015452,0.8703956343792633,0.841688654353562,0.8179419525065963,0.8608270977323356,0.379746835443038,0.36585365853658536,0.2926829268292683
P1_a07,0;1;2;3;4;5;6;7;8;9;10;11,10008,0.9144657789548543,0.6956521739130435,0.7932960893854749,0.7003747897102877,0.707216386090831,binary;multiclass,0.9312082458484443,0.6333333333333333,0.7307692307692307,0.5461538461538461,0.967475014697237,0.9019607843137255,0.8944444444444445,0.9055555555555556,0.9079118028534371,0.6646153846153846,0.6545454545454545,0.6060606060606061,0.9578641705707641,0.8715846994535519,0.841688654353562,0.8364116094986808,0.8620694579311132,0.43037974683544306,0.4146341463414634,0.32926829268292684
P1_a07,0;1;2;3;4;5;6;7;8;9;10;11,10009,0.9147747615194095,0.6782608695652174,0.7909604519774012,0.6882366327579553,0.6950825641455669,binary;multiclass,0.9306356174842527,0.6158940397350994,0.7153846153846154,0.5384615384615384,0.9682025279247501,0.8969359331476323,0.8944444444444445,0.9111111111111111,0.9069763785717094,0.6645962732919255,0.6484848484848484,0.5878787878787879,0.9577220598475625,0.8688524590163934,0.8390501319261213,0.820580474934037,0.8625549780087964,0.39490445859872614,0.3780487804878049,0.34146341463414637
P1_a07,0;1;2;3;4;5;6;7;8;9;10;11,10010,0.9161676353024842,0.6927536231884058,0.7915492957746478,0.6891950611107204,0.6957669808722,binary;multiclass,0.9307883183813705,0.6179401993355482,0.7153846153846154,0.5230769230769231,0.9666813639035862,0.9019607843137255,0.8944444444444445,0.9111111111111111,0.9093503124631529,0.6687306501547987,0.6545454545454545,0.6,0.9574709975699066,0.8649386084583902,0.8364116094986808,0.8047493403693932,0.8600702576112412,0.3924050632911392,0.3780487804878049,0.35365853658536583
P1_a07,0;1;2;3;4;5;6;7;8;9;10;11,10011,0.9145785821133425,0.7072463768115942,0.7871148459383753,0.6913187635582748,0.697973211049342,binary;multiclass,0.9306069860660432,0.6270627062706271,0.7307692307692307,0.5384615384615384,0.9666740152851264,0.9019607843137255,0.8944444444444445,0.9055555555555556,0.9079511063946862,0.6790123456790124,0.6666666666666666,0.6060606060606061,0.9570067692074484,0.8719346049046321,0.8443271767810027,0.8311345646437994,0.8612412177985949,0.37662337662337664,0.35365853658536583,0.3170731707317073
P1_a07,0;1;2;3;4;5;6;7;8;9;10;11,10012,0.9148532332818364,0.6811594202898551,0.7988668555240793,0.69153713932707,0.6983608513816378,binary;multiclass,0.9300820767322008,0.6245847176079734,0.7230769230769231,0.5461538461538461,0.9673500881834215,0.9019607843137255,0.8944444444444445,0.9055555555555556,0.9068113036984632,0.6708074534161491,0.6545454545454545,0.6060606060606061,0.9564430633387494,0.8703956343792633,0.841688654353562,0.8179419525065963,0.8638687382189981,0.389937106918239,0.3780487804878049,0.3048780487804878
P1_a07,0;1;2;3;4;5;6;7;8;9;10;11,10013,0.915618332965497,0.6985507246376812,0.7966101694915254,0.689306427705776,0.6959683450313479,binary;multiclass,0.930893300248139,0.6174496644295302,0.7076923076923077,0.5461538461538461,0.9674015285126396,0.9019607843137255,0.8944444444444445,0.9055555555555556,0.9064104075777228,0.6707692307692308,0.6606060606060606,0.6060606060606061,0.957513630786867,0.8688524590163934,0.8390501319261213,0.820580474934037,0.8579568172730908,0.3875,0.3780487804878049,0.3170731707317073
P1_a07,0;1;2;3;4;5;6;7;8;9;10;11,10014,0.9146472449054661,0.6869565217391305,0.7932011331444759,0.6967863834726221,0.7030526239889776,binary;multiclass,0.9307787745753007,0.6351351351351351,0.7230769230769231,0.5692307692307692,0.9666887125220459,0.8994413407821229,0.8944444444444445,0.9055555555555556,0.9063711040364737,0.6809815950920245,0.6727272727272727,0.6060606060606061,0.9577789041368432,0.8734693877551021,0.8469656992084432,0.8284960422163589,0.8621836979493916,0.39490445859872614,0.3780487804878049,0.32926829268292684
P1_a07,0;1;2;3;4;5;6;7;8;9;10;11,10015,0.9162461070649108,0.7130434782608696,0.7926657263751763,0.6812558482865979,0.6877972270487877,binary;multiclass,0.930416109944646,0.6086956521739131,0.7,0.5230769230769231,0.9676734273956497,0.8994413407821229,0.8944444444444445,0.9111111111111111,0.9074480210666981,0.6707317073170732,0.6666666666666666,0.6121212121212121,0.957082561593156,0.8661202185792349,0.8364116094986808,0.8179419525065963,0.8638258982121437,0.36129032258064514,0.34146341463414637,0.2926829268292683
P1_a07,0;1;2;3;4;5;6;7;8;9;10;11,10016,0.9153436817970034,0.7014492753623188,0.7960618846694796,0.6853651108780964,0.6919443410626884,binary;multiclass,0.929242221798053,0.6179401993355482,0.7153846153846154,0.5384615384615384,0.9671222810111698,0.8994413407821229,0.8944444444444445,0.9055555555555556,0.908296977557678,0.6708074534161491,0.6545454545454545,0.6,0.9567983401467529,0.8692098092643051,0.841688654353562,0.8337730870712401,0.8612412177985947,0.36942675159235666,0.35365853658536583,0.2804878048780488
P1_a07,0;1;2;3;4;5;6;7;8;9;10;11,10017,0.9139508080139287,0.6985507246376812,0.790436005625879,0.6937542539554226,0.6997743367529068,binary;multiclass,0.930616529872113,0.6158940397350994,0.7153846153846154,0.5230769230769231,0.9659611992945325,0.9044943820224719,0.8944444444444445,0.9055555555555556,0.9057815509177377,0.6790123456790124,0.6666666666666666,0.6,0.9576699525823887,0.8719346049046321,0.8443271767810027,0.8153034300791556,0.8651253784200605,0.3974358974358974,0.3780487804878049,0.3170731707317073
P1_a07,0;1;2;3;4;5;6;7;8;9;10;11,10018,0.914975845410628,0.6869565217391305,0.7926657263751763,0.6940949407167583,0.7003168232043964,binary;multiclass,0.9302252338232488,0.62,0.7153846153846154,0.5153846153846153,0.9662257495590829,0.8994413407821229,0.8944444444444445,0.9111111111111111,0.9072908069017018,0.6687306501547987,0.6545454545454545,0.593939393939394,0.9571394058824365,0.8746594005449592,0.8469656992084432,0.8232189973614775,0.8623264979722397,0.40764331210191085,0.3902439024390244,0.32926829268292684
P1_a07,0;1;2;3;4;5;6;7;8;9;10;11,10019,0.9149660364403247,0.7043478260869566,0.7926657263751763,0.6837165928427072,0.6903760095722256,binary;multiclass,0.9303874785264363,0.6138613861386139,0.7153846153846154,0.5384615384615384,0.967283950617284,0.9019607843137255,0.8944444444444445,0.9055555555555556,0.9069527964469599,0.6583850931677019,0.6424242424242425,0.593939393939394,0.9564904335798164,0.8622100954979536,0.8337730870712401,0.8153034300791556,0.8631975781116125,0.3821656050955414,0.36585365853658536,0.34146341463414637
P1_a07,0;1;2;3;4;5;6;7;8;9;10;11,10020,0.9139017631624121,0.6840579710144927,0.788135593220339,0.6894806706674597,0.6962799033916867,binary;multiclass,0.9303874785264363,0.6241610738255033,0.7153846153846154,0.5384615384615384,0.9673427395649618,0.8994413407821229,0.8944444444444445,0.9111111111111111,0.9061981684549779,0.672782874617737,0.6666666666666666,0.6,0.957215198268144,0.8688524590163934,0.8390501319261213,0.8073878627968337,0.8590849374535899,0.3821656050955414,0.36585365853658536,0.32926829268292684
P1_a07,0;1;2;3;4;5;6;7;8;9;10;11,10021,0.9132739890629982,0.6811594202898551,0.7842031029619182,0.697417559980867,0.7052604142680725,binary;multiclass,0.930482916587135,0.6274509803921569,0.7384615384615385,0.5846153846153846,0.9678130511463845,0.9019607843137255,0.8944444444444445,0.9055555555555556,0.9076523994811931,0.6728971962616822,0.6545454545454545,0.593939393939394,0.957314675774385,0.869684499314129,0.8364116094986808,0.8153034300791556,0.8620408979265437,0.41509433962264153,0.4024390243902439,0.3170731707317073
P1_a07,0;1;2;3;4;5;6;7;8;9;10;11,10022,0.9144559699845508,0.7043478260869566,0.7853107344632768,0.6887883972954072,0.6939150948514485,binary;multiclass,0.9302443214353885,0.6195286195286195,0.7076923076923077,0.5384615384615384,0.9670047031158143,0.8994413407821229,0.8944444444444445,0.9111111111111111,0.9062846362457256,0.6625,0.6424242424242425,0.5878787878787879,0.9571820390993969,0.8675675675675676,0.8469656992084432,0.8126649076517151,0.8616124978579996,0.39490445859872614,0.3780487804878049,0.3170731707317073
P1_a07,0;1;2;3;4;5;6;7;8;9;10;11,10023,0.9158684617082322,0.6869565217391305,0.7920792079207921,0.6937540887129682,0.7001006770792471,binary;multiclass,0.9316377171215882,0.6225165562913907,0.7230769230769231,0.5461538461538461,0.9666813639035862,0.9019607843137255,0.8944444444444445,0.9111111111111111,0.9076917030224423,0.6749226006191951,0.6606060606060606,0.6121212121212121,0.9582336584510879,0.8719346049046321,0.8443271767810027,0.8258575197889182,0.8634688981550237,0.3974358974358974,0.3780487804878049,0.3048780487804878
P1_a07,0;1;2;3;4;5;6;7;8;9;10;11,10024,0.9140538022021139,0.6898550724637681,0.7893258426966292,0.6922536377223618,0.698888555867126,binary;multiclass,0.929862569192594,0.6287625418060201,0.7230769230769231,0.5230769230769231,0.9666740152851264,0.8969359331476323,0.8944444444444445,0.9055555555555556,0.9072672247769523,0.6687306501547987,0.6545454545454545,0.6,0.9572104612440373,0.8719346049046321,0.8443271767810027,0.820580474934037,0.8599131775861083,0.39490445859872614,0.3780487804878049,0.3048780487804878
P1_a07,0;1;2;3;4;5;6;7;8;9;10;11,10025,0.9148017361877436,0.7014492753623188,0.7887323943661971,0.6965759933576633,0.7032389001621256,binary;multiclass,0.9318190494369154,0.6287625418060201,0.7230769230769231,0.5384615384615384,0.9669826572604351,0.9019607843137255,0.8944444444444445,0.9055555555555556,0.9082576740164289,0.6666666666666666,0.6545454545454545,0.593939393939394,0.956997295159235,0.8703956343792633,0.841688654353562,0.8126649076517151,0.8608128177300508,0.41509433962264153,0.4024390243902439,0.35365853658536583
P1_a07,0;1;2;3;4;5;6;7;8;9;10;11,10026,0.9174084700458569,0.6956521739130435,0.8016997167138811,0.7023754707337554,0.7089414298224389,binary;multiclass,0.9311509830120251,0.6333333333333333,0.7307692307692307,0.5384615384615384,0.9678497942386831,0.9019607843137255,0.8944444444444445,0.9111111111111111,0.9078174743544393,0.683076923076923,0.6727272727272727,0.6060606060606061,0.9576746896064954,0.8731241473396999,0.8443271767810027,0.8284960422163589,0.8628691380590621,0.42038216560509556,0.4024390243902439,0.3170731707317073
P1_a07,0;1;2;3;4;5;6;7;8;9;10;11,10027,0.9155251477476152,0.7072463768115942,0.7937853107344632,0.6954696871601724,0.7016856566576626,binary;multiclass,0.9297384997136858,0.62,0.7153846153846154,0.5384615384615384,0.9675117577895357,0.9019607843137255,0.8944444444444445,0.9055555555555556,0.9092088197146564,0.6811145510835913,0.6666666666666666,0.593939393939394,0.9576699525823886,0.8692098092643051,0.841688654353562,0.8232189973614775,0.8625835380133661,0.4050632911392405,0.3902439024390244,0.3170731707317073
P1_a07,0;1;2;3;4;5;6;7;8;9;10;11,10028,0.9159027931042938,0.6898550724637681,0.7994350282485876,0.7040883532236668,0.7099968387934151,binary;multiclass,0.9319812941401031,0.6354515050167224,0.7307692307692307,0.5307692307692308,0.966791593180482,0.9044943820224719,0.8944444444444445,0.9055555555555556,0.9079039421451873,0.6915887850467289,0.6727272727272727,0.6,0.9578831186671909,0.8738127544097694,0.8496042216358839,0.8153034300791556,0.8628691380590621,0.41509433962264153,0.4024390243902439,0.34146341463414637
P1_a07,0;1;2;3;4;5;6;7;8;9;10;11,10029,0.915706613698227,0.6898550724637681,0.7932489451476793,0.6933824934350457,0.6997743367529068,binary;multiclass,0.9297194121015461,0.62,0.7153846153846154,0.5461538461538461,0.9678057025279246,0.9019607843137255,0.8944444444444445,0.9055555555555556,0.9059309043744841,0.676923076923077,0.6666666666666666,0.6121212121212121,0.9571915131476104,0.8731241473396999,0.8443271767810027,0.8337730870712401,0.8591134974581596,0.39490445859872614,0.3780487804878049,0.32926829268292684
P1_a07,0;1;2;3;4;5;6;7;8;9;10;11,10030,0.9139802349248388,0.6811594202898551,0.7937853107344632,0.6860871625705989,0.6928449039144708,binary;multiclass,0.9315422790608895,0.6153846153846154,0.7076923076923077,0.5538461538461539,0.9672325102880658,0.8994413407821229,0.8944444444444445,0.9055555555555556,0.9070628463624574,0.6666666666666666,0.6545454545454545,0.5818181818181818,0.9566893885922985,0.8715846994535519,0.841688654353562,0.820580474934037,0.8610555777688925,0.37735849056603776,0.36585365853658536,0.3170731707317073
P1_a07,0;1;2;3;4;5;6;7;8;9;10;11,10031,0.9155251477476152,0.6869565217391305,0.7932011331444759,0.6869755488791534,0.6941820012937845,binary;multiclass,0.9308742126359992,0.6143790849673203,0.7230769230769231,0.5076923076923077,0.9672986478542035,0.9019607843137255,0.8944444444444445,0.9055555555555556,0.9066698109499666,0.66875,0.6484848484848484,0.6060606060606061,0.9574709975699065,0.8700410396716827,0.8390501319261213,0.8153034300791556,0.865596618495459,0.379746835443038,0.36585365853658536,0.3048780487804878
P1_a07,0;1;2;3;4;5;6;7;8;9;10;11,10032,0.914514823806371,0.7101449275362319,0.7899159663865546,0.6833491758093091,0.6910139082589047,binary;multiclass,0.930473372781065,0.625,0.7307692307692307,0.5538461538461539,0.9667107583774252,0.9019607843137255,0.8944444444444445,0.9055555555555556,0.9072200605274535,0.660436137071651,0.6424242424242425,0.5878787878787879,0.957598897220788,0.8645690834473324,0.8337730870712401,0.8179419525065963,0.8622408179585309,0.36477987421383645,0.35365853658536583,0.2926829268292683
P1_a07,0;1;2;3;4;5;6;7;8;9;10;11,10033,0.9144706834400058,0.6956521739130435,0.7893258426966292,0.6937617809234672,0.7004122354395859,binary;multiclass,0.9309982821149074,0.6354515050167224,0.7307692307692307,0.5230769230769231,0.967989417989418,0.9019607843137255,0.8944444444444445,0.9055555555555556,0.9076445387729435,0.6748466257668712,0.6666666666666666,0.6,0.9578452224743372,0.8719346049046321,0.8443271767810027,0.8258575197889182,0.860941337750614,0.38461538461538464,0.36585365853658536,0.3048780487804878
P1_a07,0;1;2;3;4;5;6;7;8;9;10;11,10034,0.9146864807866795,0.6956521739130435,0.7887323943661971,0.6968816865972494,0.7032706362360781,binary;multiclass,0.9297480435197557,0.6237288135593221,0.7076923076923077,0.5461538461538461,0.9675411522633746,0.9019607843137255,0.8944444444444445,0.9111111111111111,0.9073772746924498,0.6747720364741642,0.6727272727272727,0.593939393939394,0.9570541394485157,0.8688524590163934,0.8390501319261213,0.8073878627968337,0.8637259381961501,0.41509433962264153,0.4024390243902439,0.35365853658536583
P1_a07,0;1;2;3;4;5;6;7;8;9;10;11,10035,0.9142892174893941,0.7217391304347827,0.7899159663865546,0.6893050838841659,0.6959366089573954,binary;multiclass,0.930549723229624,0.6245847176079734,0.7230769230769231,0.5076923076923077,0.966629923574368,0.8994413407821229,0.8944444444444445,0.9055555555555556,0.9061981684549778,0.6583850931677019,0.6424242424242425,0.5818181818181818,0.9572957276779582,0.8692098092643051,0.841688654353562,0.8232189973614775,0.8624550179928029,0.39490445859872614,0.3780487804878049,0.35365853658536583
P1_a07,0;1;2;3;4;5;6;7;8;9;10;11,10036,0.9146031045391011,0.6927536231884058,0.7887323943661971,0.6895083653039522,0.695610268631055,binary;multiclass,0.929652605459057,0.6179401993355482,0.7153846153846154,0.5230769230769231,0.9670414462081128,0.9044943820224719,0.8944444444444445,0.9055555555555556,0.906441850410722,0.6584615384615384,0.6484848484848484,0.593939393939394,0.9570020321833418,0.8692098092643051,0.841688654353562,0.8153034300791556,0.8611698177871708,0.3974358974358974,0.3780487804878049,0.3170731707317073
P1_a07,0;1;2;3;4;5;6;7;8;9;10;11,10037,0.9130925231123863,0.6840579710144927,0.7926657263751763,0.6848297922870843,0.6914166365772003,binary;multiclass,0.9290513456766559,0.6158940397350994,0.7153846153846154,0.5230769230769231,0.9658950617283951,0.9044943820224719,0.8944444444444445,0.9055555555555556,0.9070942891954565,0.6666666666666666,0.6545454545454545,0.6060606060606061,0.9564099041700023,0.8676671214188267,0.8390501319261213,0.820580474934037,0.8610555777688924,0.36942675159235666,0.35365853658536583,0.3170731707317073
P1_a07,0;1;2;3;4;5;6;7;8;9;10;11,10038,0.9151524068760883,0.7072463768115942,0.790436005625879,0.6878213461299364,0.6943981474189338,binary;multiclass,0.9300725329261309,0.62,0.7153846153846154,0.5307692307692308,0.9669679600235156,0.9019607843137255,0.8944444444444445,0.9111111111111111,0.9070864284872067,0.660436137071651,0.6424242424242425,0.6060606060606061,0.9573383608949186,0.8692098092643051,0.841688654353562,0.8232189973614775,0.8621979779516764,0.3875,0.3780487804878049,0.3170731707317073
reference_iii,0;1;2;3;4;5;6;7;8;9;10;11,10000,0.9476974223304381,0.7762039660056658,0.9199417758369723,,,binary,,,,,,,,,,,,,,,,,,,,
reference_iii,0;1;2;3;4;5;6;7;8;9;10;11,10001,0.9471355325076676,0.7762039660056658,0.9117221418234442,,,binary,,,,,,,,,,,,,,,,,,,,
reference_iii,0;1;2;3;4;5;6;7;8;9;10;11,10002,0.9443494954697633,0.7110481586402266,0.9172714078374455,,,binary,,,,,,,,,,,,,,,,,,,,
reference_iii,0;1;2;3;4;5;6;7;8;9;10;11,10003,0.9473696532671553,0.7790368271954674,0.9188405797101449,,,binary,,,,,,,,,,,,,,,,,,,,
reference_iii,0;1;2;3;4;5;6;7;8;9;10;11,10004,0.9473462411912065,0.7762039660056658,0.9219653179190751,,,binary,,,,,,,,,,,,,,,,,,,,
reference_iii,0;1;2;3;4;5;6;7;8;9;10;11,10005,0.9469950600519749,0.7847025495750708,0.9228529839883551,,,binary,,,,,,,,,,,,,,,,,,,,
reference_iii,0;1;2;3;4;5;6;7;8;9;10;11,10006,0.946035164938075,0.7677053824362606,0.9172714078374455,,,binary,,,,,,,,,,,,,,,,,,,,
reference_iii,0;1;2;3;4;5;6;7;8;9;10;11,10007,0.9463863460773067,0.7705382436260623,0.9186046511627907,,,binary,,,,,,,,,,,,,,,,,,,,
reference_iii,0;1;2;3;4;5;6;7;8;9;10;11,10008,0.947908131013977,0.7677053824362606,0.9183673469387755,,,binary,,,,,,,,,,,,,,,,,,,,
reference_iii,0;1;2;3;4;5;6;7;8;9;10;11,10009,0.9451689181279704,0.7535410764872521,0.9159420289855073,,,binary,,,,,,,,,,,,,,,,,,,,
reference_iii,0;1;2;3;4;5;6;7;8;9;10;11,10010,0.9450752698241753,0.7592067988668555,0.9127906976744186,,,binary,,,,,,,,,,,,,,,,,,,,
reference_iii,0;1;2;3;4;5;6;7;8;9;10;11,10011,0.9469248238241285,0.7818696883852692,0.9170305676855895,,,binary,,,,,,,,,,,,,,,,,,,,
reference_iii,0;1;2;3;4;5;6;7;8;9;10;11,10012,0.9467609392924871,0.773371104815864,0.9156976744186046,,,binary,,,,,,,,,,,,,,,,,,,,
reference_iii,0;1;2;3;4;5;6;7;8;9;10;11,10013,0.9442558471659681,0.7308781869688386,0.9143686502177069,,,binary,,,,,,,,,,,,,,,,,,,,
reference_iii,0;1;2;3;4;5;6;7;8;9;10;11,10014,0.9471121204317187,0.7592067988668555,0.9138686131386862,,,binary,,,,,,,,,,,,,,,,,,,,
reference_iii,0;1;2;3;4;5;6;7;8;9;10;11,10015,0.9435066607356075,0.7648725212464589,0.9159420289855073,,,binary,,,,,,,,,,,,,,,,,,,,
reference_iii,0;1;2;3;4;5;6;7;8;9;10;11,10016,0.946152225317819,0.7705382436260623,0.9093567251461988,,,binary,,,,,,,,,,,,,,,,,,,,
reference_iii,0;1;2;3;4;5;6;7;8;9;10;11,10017,0.9468077634443846,0.7280453257790368,0.9201741654571843,,,binary,,,,,,,,,,,,,,,,,,,,
reference_iii,0;1;2;3;4;5;6;7;8;9;10;11,10018,0.9469950600519749,0.7790368271954674,0.9183673469387755,,,binary,,,,,,,,,,,,,,,,,,,,
reference_iii,0;1;2;3;4;5;6;7;8;9;10;11,10019,0.9449582094444315,0.71671388101983,0.9161849710982659,,,binary,,,,,,,,,,,,,,,,,,,,
reference_iii,0;1;2;3;4;5;6;7;8;9;10;11,10020,0.9464799943811019,0.7818696883852692,0.914616497829233,,,binary,,,,,,,,,,,,,,,,,,,,
reference_iii,0;1;2;3;4;5;6;7;8;9;10;11,10021,0.9469248238241285,0.7507082152974505,0.9215116279069767,,,binary,,,,,,,,,,,,,,,,,,,,
reference_iii,0;1;2;3;4;5;6;7;8;9;10;11,10022,0.9471589445836163,0.7818696883852692,0.9154518950437318,,,binary,,,,,,,,,,,,,,,,,,,,
reference_iii,0;1;2;3;4;5;6;7;8;9;10;11,10023,0.9465268185329994,0.7648725212464589,0.9156976744186046,,,binary,,,,,,,,,,,,,,,,,,,,
reference_iii,0;1;2;3;4;5;6;7;8;9;10;11,10024,0.9462926977735115,0.7563739376770539,0.9186046511627907,,,binary,,,,,,,,,,,,,,,,,,,,
reference_iii,0;1;2;3;4;5;6;7;8;9;10;11,10025,0.9464331702292043,0.773371104815864,0.9167883211678832,,,binary,,,,,,,,,,,,,,,,,,,,
reference_iii,0;1;2;3;4;5;6;7;8;9;10;11,10026,0.9473696532671552,0.773371104815864,0.9159420289855073,,,binary,,,,,,,,,,,,,,,,,,,,
reference_iii,0;1;2;3;4;5;6;7;8;9;10;11,10027,0.9462926977735117,0.7762039660056658,0.9186046511627907,,,binary,,,,,,,,,,,,,,,,,,,,
reference_iii,0;1;2;3;4;5;6;7;8;9;10;11,10028,0.9452391543558167,0.7677053824362606,0.9186046511627907,,,binary,,,,,,,,,,,,,,,,,,,,
reference_iii,0;1;2;3;4;5;6;7;8;9;10;11,10029,0.9476505981785405,0.773371104815864,0.9219653179190751,,,binary,,,,,,,,,,,,,,,,,,,,
reference_iii,0;1;2;3;4;5;6;7;8;9;10;11,10030,0.9462926977735115,0.7875354107648725,0.9170305676855895,,,binary,,,,,,,,,,,,,,,,,,,,
reference_iii,0;1;2;3;4;5;6;7;8;9;10;11,10031,0.9464799943811019,0.7762039660056658,0.9172714078374455,,,binary,,,,,,,,,,,,,,,,,,,,
reference_iii,0;1;2;3;4;5;6;7;8;9;10;11,10032,0.9449582094444314,0.7535410764872521,0.9161849710982659,,,binary,,,,,,,,,,,,,,,,,,,,
reference_iii,0;1;2;3;4;5;6;7;8;9;10;11,10033,0.9474633015709503,0.7762039660056658,0.9201741654571843,,,binary,,,,,,,,,,,,,,,,,,,,
reference_iii,0;1;2;3;4;5;6;7;8;9;10;11,10034,0.9468077634443847,0.7563739376770539,0.9170305676855895,,,binary,,,,,,,,,,,,,,,,,,,,
reference_iii,0;1;2;3;4;5;6;7;8;9;10;11,10035,0.9462926977735117,0.7478753541076487,0.9188405797101449,,,binary,,,,,,,,,,,,,,,,,,,,
reference_iii,0;1;2;3;4;5;6;7;8;9;10;11,10036,0.9467609392924871,0.7847025495750708,0.9188405797101449,,,binary,,,,,,,,,,,,,,,,,,,,
reference_iii,0;1;2;3;4;5;6;7;8;9;10;11,10037,0.946854587596282,0.7847025495750708,0.9186046511627907,,,binary,,,,,,,,,,,,,,,,,,,,
reference_iii,0;1;2;3;4;5;6;7;8;9;10;11,10038,0.9473462411912065,0.7677053824362606,0.914616497829233,,,binary,,,,,,,,,,,,,,,,,,,,
reference_iii,0;1;7;10,10000,0.950296162760752,0.7705382436260623,0.9178885630498533,,,binary,,,,,,,,,,,,,,,,,,,,
reference_iii,0;1;7;10,10001,0.9501791023810082,0.7677053824362606,0.9167883211678832,,,binary,,,,,,,,,,,,,,,,,,,,
reference_iii,0;1;7;10,10002,0.9480486034696698,0.7620396600566572,0.9143686502177069,,,binary,,,,,,,,,,,,,,,,,,,,
reference_iii,0;1;7;10,10003,0.9503195748367008,0.7790368271954674,0.9167883211678832,,,binary,,,,,,,,,,,,,,,,,,,,
reference_iii,0;1;7;10,10004,0.9498279212417765,0.7705382436260623,0.9069767441860465,,,binary,,,,,,,,,,,,,,,,,,,,
reference_iii,0;1;7;10,10005,0.9496640367101351,0.7705382436260623,0.9154518950437318,,,binary,,,,,,,,,,,,,,,,,,,,
reference_iii,0;1;7;10,10006,0.9496874487860839,0.7507082152974505,0.9199417758369723,,,binary,,,,,,,,,,,,,,,,,,,,
reference_iii,0;1;7;10,10007,0.9494299159506473,0.7705382436260623,0.9120234604105572,,,binary,,,,,,,,,,,,,,,,,,,,
reference_iii,0;1;7;10,10008,0.9503663989885984,0.7847025495750708,0.9149560117302052,,,binary,,,,,,,,,,,,,,,,,,,,
reference_iii,0;1;7;10,10009,0.9488446140519281,0.7592067988668555,0.9125364431486881,,,binary,,,,,,,,,,,,,,,,,,,,
reference_iii,0;1;7;10,10010,0.9470887083557699,0.7677053824362606,0.908029197080292,,,binary,,,,,,,,,,,,,,,,,,,,
reference_iii,0;1;7;10,10011,0.9500152178493668,0.7790368271954674,0.9122807017543859,,,binary,,,,,,,,,,,,,,,,,,,,
reference_iii,0;1;7;10,10012,0.9493362676468522,0.7705382436260623,0.9120234604105572,,,binary,,,,,,,,,,,,,,,,,,,,
reference_iii,0;1;7;10,10013,0.94957038840634,0.7535410764872521,0.9112081513828238,,,binary,,,,,,,,,,,,,,,,,,,,
reference_iii,0;1;7;10,10014,0.9500152178493667,0.7592067988668555,0.9149560117302052,,,binary,,,,,,,,,,,,,,,,,,,,
reference_iii,0;1;7;10,10015,0.948540257064594,0.7450424929178471,0.9154518950437318,,,binary,,,,,,,,,,,,,,,,,,,,
reference_iii,0;1;7;10,10016,0.950085454077213,0.7620396600566572,0.9162995594713657,,,binary,,,,,,,,,,,,,,,,,,,,
reference_iii,0;1;7;10,10017,0.9490084985835694,0.7450424929178471,0.9181286549707602,,,binary,,,,,,,,,,,,,,,,,,,,
reference_iii,0;1;7;10,10018,0.9501088661531617,0.7648725212464589,0.9138686131386862,,,binary,,,,,,,,,,,,,,,,,,,,
reference_iii,0;1;7;10,10019,0.9480486034696696,0.7592067988668555,0.9138686131386862,,,binary,,,,,,,,,,,,,,,,,,,,
reference_iii,0;1;7;10,10020,0.9484700208367477,0.7932011331444759,0.9138686131386862,,,binary,,,,,,,,,,,,,,,,,,,,
reference_iii,0;1;7;10,10021,0.9499449816215204,0.7762039660056658,0.910948905109489,,,binary,,,,,,,,,,,,,,,,,,,,
reference_iii,0;1;7;10,10022,0.9504600472923934,0.7875354107648725,0.9197080291970803,,,binary,,,,,,,,,,,,,,,,,,,,
reference_iii,0;1;7;10,10023,0.9499215695455716,0.7677053824362606,0.9167883211678832,,,binary,,,,,,,,,,,,,,,,,,,,
reference_iii,0;1;7;10,10024,0.9488680261278767,0.7563739376770539,0.9093567251461988,,,binary,,,,,,,,,,,,,,,,,,,,
reference_iii,0;1;7;10,10025,0.9487977899000304,0.7705382436260623,0.9165446559297218,,,binary,,,,,,,,,,,,,,,,,,,,
reference_iii,0;1;7;10,10026,0.9498981574696228,0.7932011331444759,0.9112081513828238,,,binary,,,,,,,,,,,,,,,,,,,,
reference_iii,0;1;7;10,10027,0.9486104932924403,0.7762039660056658,0.9138686131386862,,,binary,,,,,,,,,,,,,,,,,,,,
reference_iii,0;1;7;10,10028,0.948118839697516,0.7677053824362606,0.9154518950437318,,,binary,,,,,,,,,,,,,,,,,,,,
reference_iii,0;1;7;10,10029,0.9498045091658277,0.7677053824362606,0.9141193595342066,,,binary,,,,,,,,,,,,,,,,,,,,
reference_iii,0;1;7;10,10030,0.9496874487860838,0.7960339943342776,0.9122807017543859,,,binary,,,,,,,,,,,,,,,,,,,,
reference_iii,0;1;7;10,10031,0.9502025144569569,0.7818696883852692,0.9120234604105572,,,binary,,,,,,,,,,,,,,,,,,,,
reference_iii,0;1;7;10,10032,0.9472291808114625,0.7620396600566572,0.9090909090909091,,,binary,,,,,,,,,,,,,,,,,,,,
reference_iii,0;1;7;10,10033,0.9501088661531618,0.7677053824362606,0.9106881405563689,,,binary,,,,,,,,,,,,,,,,,,,,
reference_iii,0;1;7;10,10034,0.9505302835202398,0.7507082152974505,0.9154518950437318,,,binary,,,,,,,,,,,,,,,,,,,,
reference_iii,0;1;7;10,10035,0.9485870812164915,0.7677053824362606,0.9122807017543859,,,binary,,,,,,,,,,,,,,,,,,,,
reference_iii,0;1;7;10,10036,0.9492426193430572,0.7677053824362606,0.9114658925979681,,,binary,,,,,,,,,,,,,,,,,,,,
reference_iii,0;1;7;10,10037,0.9501556903050594,0.7762039660056658,0.9162995594713657,,,binary,,,,,,,,,,,,,,,,,,,,
reference_iii,0;1;7;10,10038,0.9488212019759793,0.7705382436260623,0.9141193595342066,,,binary,,,,,,,,,,,,,,,,,,,,
reference_iii,0;1,10000,0.9518179476974223,0.7818696883852692,0.9325681492109039,,,binary,,,,,,,,,,,,,,,,,,,,
reference_iii,0;1,10001,0.9492660314190059,0.7620396600566572,0.9296987087517934,,,binary,,,,,,,,,,,,,,,,,,,,
reference_iii,0;1,10002,0.9517477114695759,0.773371104815864,0.9285714285714286,,,binary,,,,,,,,,,,,,,,,,,,,
reference_iii,0;1,10003,0.95205206845691,0.7648725212464589,0.930835734870317,,,binary,,,,,,,,,,,,,,,,,,,,
reference_iii,0;1,10004,0.951771123545525,0.7620396600566572,0.9279538904899135,,,binary,,,,,,,,,,,,,,,,,,,,
reference_iii,0;1,10005,0.9529651394189123,0.7762039660056658,0.932761087267525,,,binary,,,,,,,,,,,,,,,,,,,,
reference_iii,0;1,10006,0.9519818322290637,0.7620396600566572,0.9298998569384835,,,binary,,,,,,,,,,,,,,,,,,,,
reference_iii,0;1,10007,0.9537845620771193,0.7620396600566572,0.9281609195402298,,,binary,,,,,,,,,,,,,,,,,,,,
reference_iii,0;1,10008,0.9531524360265023,0.7847025495750708,0.9279538904899135,,,binary,,,,,,,,,,,,,,,,,,,,
reference_iii,0;1,10009,0.9512326457987029,0.7705382436260623,0.9283667621776505,,,binary,,,,,,,,,,,,,,,,,,,,
reference_iii,0;1,10010,0.950085454077213,0.7648725212464589,0.9310344827586207,,,binary,,,,,,,,,,,,,,,,,,,,
reference_iii,0;1,10011,0.9508814646594713,0.7478753541076487,0.932761087267525,,,binary,,,,,,,,,,,,,,,,,,,,
reference_iii,0;1,10012,0.9498045091658277,0.7818696883852692,0.9310344827586207,,,binary,,,,,,,,,,,,,,,,,,,,
reference_iii,0;1,10013,0.9514433544822419,0.7507082152974505,0.9312320916905444,,,binary,,,,,,,,,,,,,,,,,,,,
reference_iii,0;1,10014,0.952379837520193,0.7563739376770539,0.927038626609442,,,binary,,,,,,,,,,,,,,,,,,,,
reference_iii,0;1,10015,0.9522393650645004,0.773371104815864,0.9281609195402298,,,binary,,,,,,,,,,,,,,,,,,,,
reference_iii,0;1,10016,0.9506707559759323,0.773371104815864,0.930635838150289,,,binary,,,,,,,,,,,,,,,,,,,,
reference_iii,0;1,10017,0.9533397326340927,0.7563739376770539,0.9281609195402298,,,binary,,,,,,,,,,,,,,,,,,,,
reference_iii,0;1,10018,0.9533865567859902,0.7762039660056658,0.9281609195402298,,,binary,,,,,,,,,,,,,,,,,,,,
reference_iii,0;1,10019,0.9523564254442441,0.7620396600566572,0.9325681492109039,,,binary,,,,,,,,,,,,,,,,,,,,
reference_iii,0;1,10020,0.9524032495961416,0.7507082152974505,0.9294964028776979,,,binary,,,,,,,,,,,,,,,,,,,,
reference_iii,0;1,10021,0.9513497061784467,0.7648725212464589,0.9298998569384835,,,binary,,,,,,,,,,,,,,,,,,,,
reference_iii,0;1,10022,0.9530821997986562,0.7648725212464589,0.9283667621776505,,,binary,,,,,,,,,,,,,,,,,,,,
reference_iii,0;1,10023,0.9520286563809613,0.7535410764872521,0.9310344827586207,,,binary,,,,,,,,,,,,,,,,,,,,
reference_iii,0;1,10024,0.9532226722543488,0.7592067988668555,0.9283667621776505,,,binary,,,,,,,,,,,,,,,,,,,,
reference_iii,0;1,10025,0.9531758481024512,0.773371104815864,0.9283667621776505,,,binary,,,,,,,,,,,,,,,,,,,,
reference_iii,0;1,10026,0.9528714911151172,0.7762039660056658,0.9296987087517934,,,binary,,,,,,,,,,,,,,,,,,,,
reference_iii,0;1,10027,0.9533865567859904,0.7592067988668555,0.9283667621776505,,,binary,,,,,,,,,,,,,,,,,,,,
reference_iii,0;1,10028,0.9509517008873178,0.7903682719546742,0.9239598278335724,,,binary,,,,,,,,,,,,,,,,,,,,
reference_iii,0;1,10029,0.9520988926088076,0.7563739376770539,0.9281609195402298,,,binary,,,,,,,,,,,,,,,,,,,,
reference_iii,0;1,10030,0.9519115960012174,0.7960339943342776,0.9279538904899135,,,binary,,,,,,,,,,,,,,,,,,,,
reference_iii,0;1,10031,0.9533397326340928,0.7365439093484419,0.9312320916905444,,,binary,,,,,,,,,,,,,,,,,,,,
reference_iii,0;1,10032,0.9495001521784936,0.7592067988668555,0.9310344827586207,,,binary,,,,,,,,,,,,,,,,,,,,
reference_iii,0;1,10033,0.9519584201531149,0.7762039660056658,0.932761087267525,,,binary,,,,,,,,,,,,,,,,,,,,
reference_iii,0;1,10034,0.9515370027860371,0.7592067988668555,0.926829268292683,,,binary,,,,,,,,,,,,,,,,,,,,
reference_iii,0;1,10035,0.9526607824315784,0.7875354107648725,0.9283667621776505,,,binary,,,,,,,,,,,,,,,,,,,,
reference_iii,0;1,10036,0.952777842811322,0.7903682719546742,0.9296987087517934,,,binary,,,,,,,,,,,,,,,,,,,,
reference_iii,0;1,10037,0.9527076065834758,0.7988668555240793,0.9339080459770115,,,binary,,,,,,,,,,,,,,,,,,,,
reference_iii,0;1,10038,0.9509985250392153,0.7648725212464589,0.9314285714285714,,,binary,,,,,,,,,,,,,,,,,,,,
reference_iii,1,10000,0.9458244562545359,0.7790368271954674,0.9235127478753541,,,binary,,,,,,,,,,,,,,,,,,,,
reference_iii,1,10001,0.9467843513684359,0.7648725212464589,0.9230769230769231,,,binary,,,,,,,,,,,,,,,,,,,,
reference_iii,1,10002,0.9462224615456652,0.7705382436260623,0.9232954545454546,,,binary,,,,,,,,,,,,,,,,,,,,
reference_iii,1,10003,0.947299417039309,0.7790368271954674,0.9209039548022598,,,binary,,,,,,,,,,,,,,,,,,,,
reference_iii,1,10004,0.9458010441785872,0.7507082152974505,0.9217638691322901,,,binary,,,,,,,,,,,,,,,,,,,,
reference_iii,1,10005,0.9464097581532555,0.7818696883852692,0.9206798866855525,,,binary,,,,,,,,,,,,,,,,,,,,
reference_iii,1,10006,0.9448645611406364,0.7847025495750708,0.9213161659513591,,,binary,,,,,,,,,,,,,,,,,,,,
reference_iii,1,10007,0.9475335377987967,0.773371104815864,0.9217638691322901,,,binary,,,,,,,,,,,,,,,,,,,,
reference_iii,1,10008,0.9451923302039191,0.7563739376770539,0.924822695035461,,,binary,,,,,,,,,,,,,,,,,,,,
reference_iii,1,10009,0.9454030388874582,0.7762039660056658,0.9206798866855525,,,binary,,,,,,,,,,,,,,,,,,,,
reference_iii,1,10010,0.94116545314073,0.7592067988668555,0.912981455064194,,,binary,,,,,,,,,,,,,,,,,,,,
reference_iii,1,10011,0.9454966871912533,0.7478753541076487,0.9217638691322901,,,binary,,,,,,,,,,,,,,,,,,,,
reference_iii,1,10012,0.9472994170393089,0.8130311614730878,0.9178470254957507,,,binary,,,,,,,,,,,,,,,,,,,,
reference_iii,1,10013,0.9461054011659212,0.7875354107648725,0.9191489361702128,,,binary,,,,,,,,,,,,,,,,,,,,
reference_iii,1,10014,0.9445367920773535,0.7620396600566572,0.9191489361702128,,,binary,,,,,,,,,,,,,,,,,,,,
reference_iii,1,10015,0.9454966871912531,0.773371104815864,0.9217638691322901,,,binary,,,,,,,,,,,,,,,,,,,,
reference_iii,1,10016,0.9433661882799149,0.7648725212464589,0.92524682651622,,,binary,,,,,,,,,,,,,,,,,,,,
reference_iii,1,10017,0.9453796268115093,0.7648725212464589,0.9147727272727273,,,binary,,,,,,,,,,,,,,,,,,,,
reference_iii,1,10018,0.9453562147355606,0.7932011331444759,0.912981455064194,,,binary,,,,,,,,,,,,,,,,,,,,
reference_iii,1,10019,0.9441621988621731,0.7762039660056658,0.9160739687055477,,,binary,,,,,,,,,,,,,,,,,,,,
reference_iii,1,10020,0.9459181045583313,0.7790368271954674,0.9160739687055477,,,binary,,,,,,,,,,,,,,,,,,,,
reference_iii,1,10021,0.9435066607356075,0.7450424929178471,0.9154929577464789,,,binary,,,,,,,,,,,,,,,,,,,,
reference_iii,1,10022,0.9451220939760729,0.7677053824362606,0.9246088193456614,,,binary,,,,,,,,,,,,,,,,,,,,
reference_iii,1,10023,0.9449816215203802,0.7762039660056658,0.9178470254957507,,,binary,,,,,,,,,,,,,,,,,,,,
reference_iii,1,10024,0.9458478683304848,0.7478753541076487,0.9204545454545454,,,binary,,,,,,,,,,,,,,,,,,,,
reference_iii,1,10025,0.9443963196216608,0.7507082152974505,0.9215406562054208,,,binary,,,,,,,,,,,,,,,,,,,,
reference_iii,1,10026,0.9466204668367943,0.7903682719546742,0.9119318181818182,,,binary,,,,,,,,,,,,,,,,,,,,
reference_iii,1,10027,0.9442558471659682,0.7507082152974505,0.9147727272727273,,,binary,,,,,,,,,,,,,,,,,,,,
reference_iii,1,10028,0.9453796268115093,0.7337110481586402,0.9191489361702128,,,binary,,,,,,,,,,,,,,,,,,,,
reference_iii,1,10029,0.9432725399761197,0.7535410764872521,0.9145299145299145,,,binary,,,,,,,,,,,,,,,,,,,,
reference_iii,1,10030,0.9449816215203802,0.7535410764872521,0.9165487977369166,,,binary,,,,,,,,,,,,,,,,,,,,
reference_iii,1,10031,0.9474164774190527,0.7988668555240793,0.9206798866855525,,,binary,,,,,,,,,,,,,,,,,,,,
reference_iii,1,10032,0.9424062931660151,0.7450424929178471,0.9088319088319088,,,binary,,,,,,,,,,,,,,,,,,,,
reference_iii,1,10033,0.9440919626343268,0.7762039660056658,0.9257142857142857,,,binary,,,,,,,,,,,,,,,,,,,,
reference_iii,1,10034,0.9463395219254092,0.7648725212464589,0.9132290184921764,,,binary,,,,,,,,,,,,,,,,,,,,
reference_iii,1,10035,0.9451923302039191,0.7705382436260623,0.9176136363636364,,,binary,,,,,,,,,,,,,,,,,,,,
reference_iii,1,10036,0.9462224615456652,0.7875354107648725,0.9215406562054208,,,binary,,,,,,,,,,,,,,,,,,,,
reference_iii,1,10037,0.9463161098494604,0.773371104815864,0.9219858156028369,,,binary,,,,,,,,,,,,,,,,,,,,
reference_iii,1,10038,0.9438344297988902,0.7818696883852692,0.9147727272727273,,,binary,,,,,,,,,,,,,,,,,,,,
