model,n_leads,metric,count,best,median,worst,mean,variance,top_leads
P1_a07,1,macro_f1,12,0.6973619718754063,0.6578024492503891,0.6182297514863323,0.6562663182833062,0.0005561618759283628,aVR
P1_a07,1,macro_sensitivity,12,0.7061249552658266,0.6696815639402035,0.6261555837673992,0.6659306725694524,0.0005307849751911444,aVR
P1_a07,1,binary_auroc,12,0.9125186983496407,0.8963510630471565,0.8579121606709336,0.890497560018637,0.00043659432800427495,aVR
P1_a07,1,sens_at_95sp,12,0.663768115942029,0.6318840579710145,0.5623188405797102,0.6205314009661835,0.001335095334780275,V6
P1_a07,1,auroc_nsr,12,0.9326970795953426,0.9180998282114907,0.8734395877075778,0.9108147229114972,0.00032602379367544166,aVR
P1_a07,1,f1_nsr,12,0.6600660066006601,0.5911149938523264,0.5131578947368421,0.590938865963438,0.0018406117409861952,II
P1_a07,1,sensitivity_nsr,12,0.7769230769230769,0.7153846153846153,0.6,0.7128205128205128,0.0023800131492439196,aVR
P1_a07,1,sens95_nsr,12,0.6384615384615384,0.4884615384615385,0.3230769230769231,0.4749999999999999,0.008600838264299799,II
P1_a07,1,auroc_af,12,0.9665123456790123,0.963205467372134,0.9382128159905938,0.959869194591417,6.030637330716796e-05,aVR
P1_a07,1,f1_af,12,0.9106145251396648,0.8907347607168546,0.8596491228070176,0.88968406060331,0.00018212345022855934,III
P1_a07,1,sensitivity_af,12,0.9055555555555556,0.8861111111111111,0.8166666666666667,0.8833333333333333,0.0004578189300411527,III
P1_a07,1,sens95_af,12,0.9166666666666666,0.9055555555555556,0.85,0.9013888888888887,0.00029899691358024704,V3
P1_a07,1,auroc_ischemia,12,0.9049325944267579,0.8769327516409229,0.8011476634044726,0.863562997026032,0.0013118410539450832,V5
P1_a07,1,f1_ischemia,12,0.6792452830188679,0.6223517924910651,0.46153846153846156,0.5940170941622952,0.005325377016158653,aVR
P1_a07,1,sensitivity_ischemia,12,0.6545454545454545,0.6212121212121212,0.36363636363636365,0.5752525252525252,0.008928425670849912,aVR
P1_a07,1,sens95_ischemia,12,0.6181818181818182,0.5393939393939393,0.28484848484848485,0.48939393939393944,0.012428068564432201,aVR
P1_a07,1,auroc_conduction,12,0.960597433480339,0.9421490930967349,0.9251171229210385,0.9414681458813945,0.0001009749512744841,V1
P1_a07,1,f1_conduction,12,0.8807588075880759,0.847059229204262,0.8235294117647058,0.8495383109651563,0.00024777065009088875,V2
P1_a07,1,sensitivity_conduction,12,0.8575197889182058,0.8060686015831134,0.783641160949868,0.8106860158311345,0.00047354747831979295,V2
P1_a07,1,sens95_conduction,12,0.8258575197889182,0.7889182058047493,0.6912928759894459,0.7792436235708003,0.0014275558897219834,V2
P1_a07,1,auroc_ectopy,12,0.869666419146627,0.8533515165362426,0.84334837493574,0.8537656366025019,7.371185205779072e-05,V2
P1_a07,1,f1_ectopy,12,0.41025641025641024,0.36610911987256073,0.2676056338028169,0.3571532597223314,0.002394133966924504,aVR
P1_a07,1,sensitivity_ectopy,12,0.4024390243902439,0.3719512195121951,0.23170731707317074,0.34756097560975613,0.002838092405314297,aVL
P1_a07,1,sens95_ectopy,12,0.4024390243902439,0.32926829268292684,0.24390243902439024,0.3221544715447154,0.0023413229559124866,aVR
P1_a07,2,macro_f1,66,0.7024198136046111,0.6756217281413586,0.6485188670688341,0.6772906284079372,0.00014323019474376617,I;aVR
P1_a07,2,macro_sensitivity,66,0.7094814966158038,0.6857713764094484,0.6601974164011619,0.6859041985590728,0.00014001654847893585,I;aVR
P1_a07,2,binary_auroc,66,0.9177763064322323,0.9120552245028077,0.8792760979916134,0.9091950179348105,6.643436132803384e-05,aVR;V4
P1_a07,2,sens_at_95sp,66,0.6956521739130435,0.6666666666666666,0.591304347826087,0.6640755379885814,0.0005904358742761675,I;II
P1_a07,2,auroc_nsr,66,0.9331647260927659,0.9254008398549343,0.8973754533307883,0.9248834498834498,4.277623056158944e-05,aVR;V1
P1_a07,2,f1_nsr,66,0.6644951140065146,0.6203576053807912,0.563953488372093,0.6212973977962953,0.00042771314522058927,II;V2
P1_a07,2,sensitivity_nsr,66,0.7846153846153846,0.7384615384615385,0.6230769230769231,0.7362470862470863,0.0008871528626773384,II;V2
P1_a07,2,sens95_nsr,66,0.6384615384615384,0.5384615384615384,0.34615384615384615,0.5374125874125875,0.003040857743654946,II;V2
P1_a07,2,auroc_af,66,0.9681069958847738,0.964730305702528,0.9575470311581423,0.9642656725990059,5.108043807241913e-06,I;III
P1_a07,2,f1_af,66,0.9080779944289693,0.8922643712369223,0.8770949720670391,0.8912313607467954,5.4789042364204437e-05,III;V2
P1_a07,2,sensitivity_af,66,0.9055555555555556,0.8888888888888888,0.8666666666666667,0.8893097643097644,8.727142355088504e-05,I;V1
P1_a07,2,sens95_af,66,0.9222222222222223,0.9111111111111111,0.8944444444444445,0.9094276094276095,4.486503644752785e-05,aVL;V2
P1_a07,2,auroc_ischemia,66,0.9115827536061,0.8998742286680029,0.8383288134260897,0.8952918526141024,0.00021793543926124743,aVR;V4
P1_a07,2,f1_ischemia,66,0.7037037037037037,0.6584587409673356,0.5296167247386759,0.6511180864235353,0.0011865064756690787,aVR;aVF
P1_a07,2,sensitivity_ischemia,66,0.7090909090909091,0.6515151515151515,0.46060606060606063,0.6419651056014694,0.001970460089668704,I;II
P1_a07,2,sens95_ischemia,66,0.6606060606060606,0.5878787878787879,0.4,0.5798898071625346,0.0025268209265204003,II;aVR
P1_a07,2,auroc_conduction,66,0.9637001842702377,0.9508889025736251,0.9432836103702932,0.9519528310106844,2.8049656970838322e-05,aVF;V1
P1_a07,2,f1_conduction,66,0.8975741239892183,0.8593006297271937,0.8449931412894376,0.8628459289629469,0.00012435082651431645,V1;V2
P1_a07,2,sensitivity_conduction,66,0.8786279683377308,0.8271767810026385,0.7941952506596306,0.828296154153674,0.00021946772732032193,V1;V2
P1_a07,2,sens95_conduction,66,0.862796833773087,0.8073878627968337,0.7810026385224275,0.8135843927400656,0.0004188667378969463,III;V1
P1_a07,2,auroc_ectopy,66,0.8834180613468898,0.8660321585651454,0.8396070143371223,0.8629589289825195,0.00010292553898910562,III;aVL
P1_a07,2,f1_ectopy,66,0.4713375796178344,0.35986590038314176,0.2482758620689655,0.3599603681101129,0.0014375137008942579,V1;V2
P1_a07,2,sensitivity_ectopy,66,0.45121951219512196,0.32926829268292684,0.21951219512195122,0.3337028824833702,0.0016973859518881421,V1;V2
P1_a07,2,sens95_ectopy,66,0.5121951219512195,0.34146341463414637,0.25609756097560976,0.3499630450849963,0.0019828100921605875,V1;V2
P1_a07,3,macro_f1,220,0.7037429913400561,0.6835658845696404,0.6564166706831814,0.6821716758655975,7.520767116907428e-05,aVR;V1;V6
P1_a07,3,macro_sensitivity,220,0.7125336515741304,0.6922813818383031,0.6663005022378213,0.690665374102652,7.682991247737058e-05,aVR;V1;V6
P1_a07,3,binary_auroc,220,0.920346256651708,0.9140685156575689,0.897613967973712,0.9133846743756255,1.1457373654651295e-05,aVR;V2;V4
P1_a07,3,sens_at_95sp,220,0.7072463768115942,0.6782608695652174,0.6289855072463768,0.6766534914361002,0.00023663269574938277,I;aVR;V4
P1_a07,3,auroc_nsr,220,0.9344054208818476,0.928631418209582,0.915346440160336,0.9278723819604714,1.1547359796312269e-05,aVR;V1;V6
P1_a07,3,f1_nsr,220,0.662379421221865,0.6286669851887243,0.5816993464052288,0.6287176861173878,0.0002679628894036643,aVR;V1;V6
P1_a07,3,sensitivity_nsr,220,0.7923076923076923,0.7461538461538462,0.6692307692307692,0.7406643356643356,0.0005231197124553768,II;III;V2
P1_a07,3,sens95_nsr,220,0.6307692307692307,0.5615384615384615,0.4461538461538462,0.559055944055944,0.0011167526529414643,II;III;V1
P1_a07,3,auroc_af,220,0.968643445032334,0.965163874191652,0.9604497354497356,0.9650919078349633,2.947695074992891e-06,aVR;V1;V6
P1_a07,3,f1_af,220,0.907563025210084,0.8919667590027701,0.8767123287671232,0.8930518054797111,4.5302489537153864e-05,aVL;V1;V2
P1_a07,3,sensitivity_af,220,0.9055555555555556,0.8888888888888888,0.8666666666666667,0.8909343434343433,4.5339123558820775e-05,I;V1;V4
P1_a07,3,sens95_af,220,0.9222222222222223,0.9055555555555556,0.9,0.9072474747474748,3.655940720334639e-05,I;V1;V4
P1_a07,3,auroc_ischemia,220,0.9146327084070276,0.9050347836340054,0.8735290649687537,0.9043020584336469,3.724477087351547e-05,aVR;V2;V4
P1_a07,3,f1_ischemia,220,0.6990881458966566,0.6666666666666666,0.6163141993957704,0.6634095700532483,0.0003027930664091646,aVR;V2;V4
P1_a07,3,sensitivity_ischemia,220,0.696969696969697,0.6606060606060606,0.593939393939394,0.6567493112947659,0.0004916786194021359,I;aVR;aVF
P1_a07,3,sens95_ischemia,220,0.6545454545454545,0.5878787878787879,0.5272727272727272,0.5879063360881542,0.00080290432499298,I;II;III
P1_a07,3,auroc_conduction,220,0.9639086133309333,0.9531887277774357,0.9459789770870144,0.9540206784021416,1.540832284236649e-05,I;V1;V2
P1_a07,3,f1_conduction,220,0.8888888888888888,0.863013698630137,0.844566712517194,0.8638466857226599,7.579266680318861e-05,II;V1;V4
P1_a07,3,sensitivity_conduction,220,0.8548812664907651,0.8284960422163589,0.7994722955145118,0.8297793235787959,0.00011046982315473023,II;V1;V4
P1_a07,3,sens95_conduction,220,0.8680738786279684,0.8100263852242744,0.7783641160949868,0.8124730151115375,0.0003188136447379344,III;V1;V2
P1_a07,3,auroc_ectopy,220,0.8756211800993888,0.8638758782201406,0.8383503741360598,0.8623504494306173,5.170092049643115e-05,aVF;V1;V2
P1_a07,3,f1_ectopy,220,0.4634146341463415,0.3642081189251001,0.2702702702702703,0.3618326319549802,0.0008257424066192249,aVL;V1;V2
P1_a07,3,sensitivity_ectopy,220,0.4634146341463415,0.32926829268292684,0.24390243902439024,0.33519955654101996,0.0010998317363238135,aVL;V1;V2
P1_a07,3,sens95_ectopy,220,0.5,0.34146341463414637,0.2682926829268293,0.34207317073170723,0.0010210710615975338,aVL;V1;V2
P1_a07,4,macro_f1,495,0.7043074974845742,0.6844092329106054,0.6607196529699814,0.6843114750428059,5.753975495677453e-05,II;aVR;V1;V2
P1_a07,4,macro_sensitivity,495,0.7122239593357426,0.6924390998951782,0.6696070413201503,0.6925621383761469,5.9380229786302654e-05,II;aVR;V1;V2
P1_a07,4,binary_auroc,495,0.9207189975232352,0.9144853968954609,0.9040976973442213,0.9143903786881791,3.8056710360267474e-06,aVR;V1;V4;V5
P1_a07,4,sens_at_95sp,495,0.7246376811594203,0.6840579710144927,0.6347826086956522,0.6818328209632557,0.00018619775284086978,aVR;V1;V4;V6
P1_a07,4,auroc_nsr,495,0.9352261882038556,0.9294235541133804,0.9209963733536934,0.9292238186406921,6.5803618676160746e-06,aVR;aVF;V2;V6
P1_a07,4,f1_nsr,495,0.6644951140065146,0.6308724832214765,0.5967213114754099,0.6310844507377302,0.00018074388890381126,III;aVL;aVF;V2
P1_a07,4,sensitivity_nsr,495,0.7923076923076923,0.7384615384615385,0.6846153846153846,0.74003108003108,0.00033355949066904786,I;II;V2;V6
P1_a07,4,sens95_nsr,495,0.6230769230769231,0.5615384615384615,0.4846153846153846,0.5637606837606838,0.0006120003453336788,I;II;aVF;V1
P1_a07,4,auroc_af,495,0.9686728395061728,0.9652924750146973,0.961743092298648,0.965306303778526,2.341668451244266e-06,I;III;aVR;V1
P1_a07,4,f1_af,495,0.9106145251396648,0.8944444444444445,0.8767123287671232,0.8946519109154116,3.3974457696496274e-05,III;V1;V4;V6
P1_a07,4,sensitivity_af,495,0.9055555555555556,0.8888888888888888,0.8666666666666667,0.8915600448933783,2.61608477844919e-05,III;aVF;V1;V6
P1_a07,4,sens95_af,495,0.9222222222222223,0.9055555555555556,0.9,0.9060157126823795,2.9654822322237066e-05,I;V1;V2;V3
P1_a07,4,auroc_ischemia,495,0.9151672365680147,0.907872499312188,0.888550878434147,0.9071753497717417,1.6452743795850467e-05,aVR;V1;V4;V5
P1_a07,4,f1_ischemia,495,0.6993865030674846,0.6687306501547987,0.617737003058104,0.6675583925105758,0.0001978478838877711,aVR;V1;V2;V5
P1_a07,4,sensitivity_ischemia,495,0.703030303030303,0.6606060606060606,0.593939393939394,0.6601408019589837,0.0003538846929001924,I;II;aVL;aVF
P1_a07,4,sens95_ischemia,495,0.6545454545454545,0.5878787878787879,0.5333333333333333,0.5886501377410468,0.0004987232707743599,I;II;aVR;aVL
P1_a07,4,auroc_conduction,495,0.9614169386508008,0.9547329976362249,0.9483569631885856,0.9547012117259818,9.047238438230206e-06,III;aVL;V1;V2
P1_a07,4,f1_conduction,495,0.8858321870701513,0.8626373626373627,0.844566712517194,0.8635548568134743,6.119009441336234e-05,aVF;V1;V2;V4
P1_a07,4,sensitivity_conduction,495,0.8548812664907651,0.8311345646437994,0.8073878627968337,0.8305269049332374,7.61683635464292e-05,II;V1;V3;V5
P1_a07,4,sens95_conduction,495,0.8548812664907651,0.8100263852242744,0.7704485488126649,0.8101116707976866,0.00030079876927014565,III;aVL;V1;V2
P1_a07,4,auroc_ectopy,495,0.8766207802593249,0.8627120580339293,0.8431627349060375,0.862270805963329,2.9914372641581768e-05,aVF;V1;V2;V3
P1_a07,4,f1_ectopy,495,0.42038216560509556,0.3670886075949367,0.2727272727272727,0.36470776423683815,0.0006446947081429876,I;V1;V3;V6
P1_a07,4,sensitivity_ectopy,495,0.4268292682926829,0.34146341463414637,0.24390243902439024,0.3405518600640552,0.0008605490789616399,I;aVR;aVF;V5
P1_a07,4,sens95_ectopy,495,0.4268292682926829,0.32926829268292684,0.24390243902439024,0.33523035230352305,0.0008393539466313609,I;II;III;aVF
reference_iii,1,binary_auroc,12,0.9564067145833821,0.918795214571676,0.8506309554468197,0.9107453624579559,0.001230071312025454,aVR
reference_iii,1,sens_at_95sp,12,0.7903682719546742,0.6940509915014165,0.5750708215297451,0.6938149197355997,0.0046658726273561485,V6
reference_iii,2,binary_auroc,66,0.9536675016973756,0.9431320675204271,0.8871303818509587,0.9384560374422946,0.00022161565523975838,aVR;V1
reference_iii,2,sens_at_95sp,66,0.8130311614730878,0.7507082152974505,0.6203966005665722,0.7410936561078204,0.0014600528119542873,V1;V6
reference_iii,3,binary_auroc,220,0.9532226722543488,0.9458712804064336,0.9162784164071828,0.9449004241842488,2.7930095348676473e-05,I;II;V1
reference_iii,3,sens_at_95sp,220,0.8130311614730878,0.7620396600566572,0.6968838526912181,0.7606876126706156,0.0004968591340489912,II;V1;V6
reference_iii,4,binary_auroc,495,0.9528949031910658,0.9467609392924871,0.932034743520708,0.9465993723198789,9.046505946446923e-06,I;aVR;aVL;V1
reference_iii,4,sens_at_95sp,495,0.8271954674220963,0.7648725212464589,0.6940509915014165,0.7654219246287235,0.0003850652001996681,aVR;V4;V5;V6
